Series Name,Series Code,Country Name,Country Code,2016 [YR2016],2015 [YR2015],2014 [YR2014],2013 [YR2013],2012 [YR2012],2011 [YR2011],2010 [YR2010],2009 [YR2009],2008 [YR2008],2007 [YR2007],2006 [YR2006],2005 [YR2005],2004 [YR2004],2003 [YR2003],2002 [YR2002],2001 [YR2001],2000 [YR2000],1999 [YR1999],1998 [YR1998],1997 [YR1997],1996 [YR1996],1995 [YR1995],1994 [YR1994],1993 [YR1993],1992 [YR1992],1991 [YR1991],1990 [YR1990],1989 [YR1989],1988 [YR1988],1987 [YR1987],1986 [YR1986],1985 [YR1985],1984 [YR1984],1983 [YR1983],1982 [YR1982],1981 [YR1981],1980 [YR1980],1979 [YR1979],1978 [YR1978],1977 [YR1977],1976 [YR1976],1975 [YR1975],1974 [YR1974],1973 [YR1973],1972 [YR1972],1971 [YR1971],1970 [YR1970],1969 [YR1969],1968 [YR1968],1967 [YR1967]
"Population, total",SP.POP.TOTL,Afghanistan,AFG,..,32526562,31627506,30682500,29726803,28809167,27962207,27207291,26528741,25877544,25183615,24399948,23499850,22507368,21487079,20531160,19701940,19038420,18511480,18034130,17481800,16772522,15869967,14824371,13745630,12789374,12067570,11608351,11375768,11337932,11438949,11630498,11912510,12279095,12667001,12996923,13211412,13283279,13222547,13056499,12831361,12582954,12315553,12022514,11716896,11412821,11121097,10849510,10599790,10368600
"Population, total",SP.POP.TOTL,Albania,ALB,..,2889167,2893654,2896652,2900247,2904780,2913021,2927519,2947314,2970017,2992547,3011487,3026939,3039616,3051010,3060173,3089027,3108778,3128530,3148281,3168033,3187784,3207536,3227287,3247039,3266790,3286542,3227943,3142336,3083605,3022635,2964762,2904429,2843960,2784278,2726056,2671997,2617832,2566266,2513546,2458526,2404831,2350124,2296752,2243126,2187853,2135479,2081695,2022272,1965598
"Population, total",SP.POP.TOTL,Algeria,DZA,..,39666519,38934334,38186135,37439427,36717132,36036159,35401790,34811059,34261971,33749328,33267887,32817225,32394886,31990387,31590320,31183658,30766551,30336880,29887717,29411839,28904300,28362015,27785977,27180921,26554277,25912364,25257671,24591493,23917889,23241276,22565908,21893857,21228288,20575701,19943667,19337723,18760761,18212331,17690184,17190236,16709098,16247113,15804428,15377095,14960111,14550033,14144437,13744383,13354197
"Population, total",SP.POP.TOTL,American Samoa,ASM,..,55538,55434,55302,55227,55316,55636,56226,57031,57904,58648,59117,59262,59117,58729,58176,57522,56768,55899,54942,53926,52874,51807,50725,49597,48379,47044,45591,44049,42448,40835,39247,37687,36165,34740,33488,32456,31670,31105,30690,30325,29932,29491,29014,28490,27916,27292,26615,25886,25116
"Population, total",SP.POP.TOTL,Andorra,ADO,..,70473,72786,75902,79316,82326,84419,85474,85616,84878,83373,81223,78337,74783,71046,67770,65399,64161,63888,64147,64291,63854,62707,61003,58904,56674,54511,52449,50431,48458,46515,44597,42704,40862,39112,37502,36063,34819,33746,32769,31781,30706,29514,28231,26892,25560,24279,23061,21888,20755
"Population, total",SP.POP.TOTL,Angola,AGO,..,25021974,24227524,23448202,22685632,21942296,21219954,20520103,19842251,19183907,18541467,17912942,17295500,16691395,16109696,15562791,15058638,14601983,14187710,13801868,13424813,13042666,12648483,12246786,11848971,11472173,11127870,10820992,10544904,10285712,10023700,9745209,9444918,9128655,8807511,8497950,8211950,7952882,7717139,7501320,7299508,7107334,6923749,6750215,6587647,6437645,6300969,6177703,6066094,5962831
"Population, total",SP.POP.TOTL,Antigua and Barbuda,ATG,..,91818,90900,89985,89069,88152,87233,86300,85350,84397,83467,82565,81718,80904,80030,78972,77648,76041,74206,72232,70245,68349,66550,64868,63434,62412,61906,61967,62538,63484,64605,65744,66863,67958,68950,69750,70301,70553,70508,70223,69782,69253,68655,67972,67205,66338,65369,64307,63176,62002
"Population, total",SP.POP.TOTL,Argentina,ARG,..,43416755,42980026,42538304,42095224,41655616,41222875,40798641,40381860,39969903,39558750,39145491,38728778,38309475,37889443,37471535,37057453,36648054,36241578,35833965,35419683,34994818,34558114,34110912,33655149,33193920,32729740,32263559,31795515,31326473,30857242,30388781,29920907,29454739,28993989,28543366,28105889,27684530,27277742,26878567,26477153,26066975,25644505,25213388,24782950,24366442,23973062,23605992,23261273,22932201
"Population, total",SP.POP.TOTL,Armenia,ARM,..,3017712,3006154,2992192,2978339,2967984,2963496,2966108,2975029,2988117,3002161,3014917,3025982,3036420,3047249,3060036,3076098,3093820,3112958,3137652,3173425,3223173,3289943,3369673,3449497,3511912,3544695,3542720,3510439,3457054,3396511,3339147,3287588,3239212,3192877,3145885,3096298,3044564,2991954,2938181,2882831,2825650,2766495,2705584,2643464,2580894,2518408,2456370,2394635,2332624
"Population, total",SP.POP.TOTL,Aruba,ABW,..,103889,103441,102921,102393,101936,101597,101416,101342,101218,100830,100031,98742,97015,94995,92894,90858,89004,87276,85447,83195,80326,76700,72498,68235,64623,62148,61032,61077,61835,62644,63028,62831,62204,61344,60567,60096,59978,60106,60366,60589,60655,60525,60239,59849,59438,59065,58724,58385,58049
"Population, total",SP.POP.TOTL,Australia,AUS,..,23781169,23464086,23117353,22728254,22340024,22031750,21691700,21249200,20827600,20697900,20394800,20127400,19895400,19651400,19413000,19153000,18926000,18711000,18517000,18311000,18072000,17855000,17667000,17495000,17284000,17065100,16814400,16532200,16263900,16018400,15758000,15544000,15369000,15178000,14927000,14692000,14514000,14358000,14192000,14033000,13893000,13723000,13380000,13177000,12937000,12507000,12263000,12009000,11799000
"Population, total",SP.POP.TOTL,Austria,AUT,..,8611088,8541575,8479375,8429991,8391643,8363404,8343323,8321496,8295487,8268641,8227829,8171966,8121423,8081957,8042293,8011566,7992324,7976789,7968041,7959017,7948278,7936118,7905633,7840709,7754891,7677850,7619567,7585317,7574586,7569794,7564985,7561434,7561910,7574140,7568710,7549433,7549425,7562305,7568430,7565525,7578903,7599038,7586115,7544201,7500482,7467086,7441055,7415403,7376998
"Population, total",SP.POP.TOTL,Azerbaijan,AZE,..,9651349,9535079,9416801,9295784,9173082,9054332,8947243,8763400,8581300,8484550,8391850,8306500,8234100,8171950,8111200,8048600,7982750,7913000,7838250,7763000,7685000,7597000,7495000,7382000,7271000,7159000,7104058,6994139,6886428,6779970,6674107,6568857,6464775,6362289,6261942,6163990,6068531,5975045,5882395,5789050,5693796,5596160,5496061,5393176,5287272,5178160,5066080,4950977,4832098
"Population, total",SP.POP.TOTL,"Bahamas, The",BHS,..,388019,383054,377841,372388,366711,360830,354780,348587,342259,335801,329243,322539,315757,309170,303138,297891,293572,290054,286968,283792,280151,275903,271165,266133,261117,256338,251855,247576,243391,239132,234684,230016,225185,220275,215404,210660,206038,201511,197118,192905,188882,185097,181489,177844,173867,169356,164250,158629,152607
"Population, total",SP.POP.TOTL,Bahrain,BHR,..,1377237,1361930,1349427,1333577,1306014,1261319,1196774,1115777,1026568,940808,867014,807989,761595,725365,694893,666855,640904,618054,597834,579855,563730,549151,535692,522748,509654,495944,481126,465235,448994,433487,419425,407223,396447,385950,374125,359902,342829,323511,303236,283843,266686,252139,239860,229588,220808,213102,206469,200953,196203
"Population, total",SP.POP.TOTL,Bangladesh,BGD,..,160995642,159077513,157157394,155257387,153405612,151616777,149905836,148252473,146592687,144839238,142929979,140843786,138600174,136228456,133776064,131280739,128746273,126169583,123574107,120987124,118427768,115913710,113442354,110987459,108509679,105983136,103400571,100779551,98149262,95550798,93015182,90559540,88181211,85868228,83599582,81364176,79141947,76948378,74848466,72930206,71247153,69837960,68658472,67578486,66417450,65048701,63422570,61585520,59625294
"Population, total",SP.POP.TOTL,Barbados,BRB,..,284215,283380,282503,281580,280602,279566,278466,277315,276154,275040,274013,273091,272261,271479,270686,269838,268920,267949,266944,265940,264962,264015,263091,262184,261281,260374,259454,258524,257609,256738,255929,255195,254515,253836,253080,252197,251176,250035,248785,247444,246033,244539,242980,241441,240038,238847,237911,237199,236620
"Population, total",SP.POP.TOTL,Belarus,BLR,..,9513000,9483000,9466000,9464000,9473000,9490000,9507000,9528000,9560000,9604000,9663000,9730000,9797000,9865000,9928000,10005000,10035000,10069000,10117000,10160000,10194000,10227000,10239000,10216000,10194000,10189000,10170000,10140000,10111000,10043000,9975000,9910000,9843000,9776000,9710000,9643000,9584000,9525000,9463000,9411000,9367000,9317584,9257272,9188968,9115576,9040000,8960304,8874552,8785648
"Population, total",SP.POP.TOTL,Belgium,BEL,..,11285721,11231213,11182817,11128246,11047744,10895586,10796493,10709973,10625700,10547958,10478617,10421137,10376133,10332785,10286570,10251250,10226419,10203008,10181245,10156637,10136811,10115603,10084475,10045158,10004486,9967379,9937697,9901664,9870234,9861823,9858308,9855372,9855520,9856303,9858982,9859242,9848382,9839534,9830358,9818227,9800700,9772419,9741720,9711115,9673162,9655549,9646032,9618756,9580991
"Population, total",SP.POP.TOTL,Belize,BLZ,..,359287,351706,344193,336707,329193,321609,313925,306165,298403,290751,283279,276085,269132,262202,254989,247312,239024,230289,221608,213674,206962,201678,197615,194321,191127,187552,183470,179025,174326,169570,164916,160342,155820,151498,147566,144151,141308,138972,136991,135145,133261,131306,129294,127148,124792,122179,119260,116061,112699
"Population, total",SP.POP.TOTL,Benin,BEN,..,10879829,10598482,10322232,10049792,9779391,9509798,9240982,8973525,8707637,8443717,8182362,7922796,7665681,7414744,7174911,6949366,6740491,6546493,6361301,6176318,5985658,5786794,5582420,5378226,5182525,5001271,4836240,4685375,4546136,4414450,4287263,4163968,4045352,3931355,3822206,3718024,3618509,3523270,3432262,3345501,3262959,3184547,3110074,3039300,2971941,2907769,2846652,2788551,2733450
"Population, total",SP.POP.TOTL,Bermuda,BMU,..,65235,65139,65001,64798,64564,65124,65636,65273,64888,64523,64154,63740,63325,62912,62504,61833,61285,60943,60497,60129,59746,59320,58910,58595,59021,59326,58841,58347,57849,57382,56898,56423,55930,55449,55050,54670,53800,53600,53400,53200,53000,53400,53800,54200,54600,55000,54000,53000,52000
"Population, total",SP.POP.TOTL,Bhutan,BTN,..,774830,765008,754637,743711,732246,720246,707830,694990,681471,666920,651163,634235,616474,598421,580784,564187,548387,533506,520917,512377,508897,511382,518847,528085,534678,535505,529284,517068,500952,484151,469010,456135,444789,434385,423887,412561,400378,387731,374801,361862,349146,336677,324465,312712,301653,291457,282210,273868,266293
"Population, total",SP.POP.TOTL,Bolivia,BOL,..,10724705,10561887,10399931,10238762,10078238,9918245,9758799,9599916,9441482,9283345,9125405,8967740,8810420,8653343,8496378,8339512,8182710,8026257,7870860,7717445,7566716,7418864,7273824,7131699,6992521,6856246,6723046,6592787,6464736,6337893,6211549,6085499,5959962,5835186,5711598,5589572,5469123,5350320,5233677,5119833,5009259,4902173,4798510,4698090,4600596,4505774,4413584,4324066,4237126
"Population, total",SP.POP.TOTL,Bosnia and Herzegovina,BIH,..,3810416,3817554,3823533,3828419,3832310,3835258,3837732,3839749,3840418,3838504,3833377,3825872,3817313,3808347,3799747,3792878,3784389,3775898,3779354,3810649,3879278,3992256,4141167,4301169,4437898,4526996,4559256,4542757,4491745,4428460,4369527,4318301,4270598,4226663,4185074,4144726,4107135,4073480,4041623,4008411,3971608,3930283,3885229,3838002,3790948,3745637,3702834,3661642,3619997
"Population, total",SP.POP.TOTL,Botswana,BWA,..,2262485,2219937,2176510,2132822,2089706,2047831,2007212,1967866,1930431,1895671,1864003,1835750,1810438,1786672,1762531,1736579,1708368,1678111,1645846,1611827,1576291,1539135,1500356,1460453,1420098,1379814,1339813,1300097,1260720,1221668,1182942,1144716,1107103,1069962,1033073,996331,959666,923305,887793,853860,822029,792513,765177,739754,715811,693021,671305,650730,631276
"Population, total",SP.POP.TOTL,Brazil,BRA,..,207847528,206077898,204259377,202401584,200517584,198614208,196701298,194769696,192784521,190698241,188479240,186116363,183627339,181045592,178419396,175786441,173153066,170516482,167893835,165303155,162755054,160260508,157812220,155379009,152916852,150393143,147801816,145150468,142437479,139664639,136836428,133950551,131014337,128054757,125107382,122199721,119341444,116532153,113776467,111076063,108431284,105846274,103320787,100844391,98402200,95982453,93585746,91213009,88853679
"Population, total",SP.POP.TOTL,British Virgin Islands,VGB,..,30117,29585,29058,28511,27906,27223,26450,25604,24735,23908,23169,22538,22000,21530,21087,20643,20186,19726,19270,18834,18425,18051,17700,17343,16937,16459,15896,15265,14595,13932,13308,12729,12192,11715,11316,11003,10788,10663,10596,10544,10476,10380,10263,10125,9969,9802,9620,9422,9214
"Population, total",SP.POP.TOTL,Brunei Darussalam,BRN,..,423188,417394,411499,405512,399443,393302,387080,380786,374459,368150,361889,355700,349557,343383,337074,330554,323812,316873,309746,302449,295010,287423,279717,271989,264365,256939,249738,242750,235980,229418,223049,216893,210933,205061,199136,193057,186786,180357,173826,167283,160799,154395,148067,141836,135716,129729,123875,118176,112680
"Population, total",SP.POP.TOTL,Bulgaria,BGR,..,7177991,7223938,7265115,7305888,7348328,7395599,7444443,7492561,7545338,7699020,7739900,7781161,7823557,7868468,8020282,8170172,8210624,8256786,8312068,8362826,8406067,8443591,8472313,8540164,8632367,8718289,8876972,8981446,8971359,8958171,8960547,8960679,8939738,8917457,8891117,8861535,8825940,8814032,8804183,8758599,8720742,8678745,8620967,8576200,8536395,8489574,8434172,8369603,8310226
"Population, total",SP.POP.TOTL,Burkina Faso,BFA,..,18105570,17589198,17084554,16590813,16106851,15632066,15165856,14709011,14264002,13834195,13421929,13028039,12651596,12290984,11943740,11607944,11283016,10969093,10665781,10372809,10089876,9816586,9552473,9297116,9050090,8811033,8579825,8356306,8140076,7930690,7727912,7531244,7340907,7158256,6985158,6822840,6671659,6530820,6398937,6274037,6154548,6040044,5930487,5825171,5723379,5624597,5528172,5434040,5343020
"Population, total",SP.POP.TOTL,Burundi,BDI,..,11178921,10816860,10465959,10124572,9790151,9461117,9137786,8821795,8514578,8218070,7934213,7661613,7401215,7159918,6946720,6767073,6623707,6511920,6420397,6333415,6239030,6134041,6019901,5895131,5759429,5613141,5454475,5284173,5108581,4936429,4774258,4624617,4486613,4359122,4239673,4126544,4018927,3917866,3825484,3744696,3676991,3623853,3582952,3547335,3507593,3457113,3392949,3317315,3235125
"Population, total",SP.POP.TOTL,Cabo Verde,CPV,..,520502,513906,507258,500870,495159,490379,486673,483824,481278,478265,474224,468985,462675,455396,447357,438737,429576,419884,409805,399508,389156,378763,368423,358473,349326,341256,334473,328861,323972,319161,313976,308251,302174,296071,290428,285599,281555,278152,275479,273625,272575,272509,273211,273788,273053,270197,264885,257478,248733
"Population, total",SP.POP.TOTL,Cambodia,KHM,..,15577899,15328136,15078564,14832255,14593099,14363586,14144337,13933660,13728700,13525360,13320058,13112334,12901217,12681984,12448881,12197905,11928306,11641509,11338733,11022162,10694459,10355253,10007092,9659238,9323607,9008856,8723550,8467109,8228268,7990133,7743065,7475011,7196139,6945053,6774509,6718241,6795102,6982522,7222050,7431505,7551988,7561583,7478147,7331162,7167716,7022185,6902025,6795514,6695460
"Population, total",SP.POP.TOTL,Cameroon,CMR,..,23344179,22773014,22211166,21659488,21119065,20590666,20074522,19570418,19078100,18597109,18126999,17667576,17218591,16779434,16349364,15927713,15514249,15108630,14709961,14317191,13929575,13546823,13169100,12796739,12430311,12070359,11716975,11370394,11031515,10701458,10381098,10070779,9770555,9480638,9201146,8932121,8673666,8425707,8187840,7959500,7740196,7529704,7327874,7134374,6948847,6770967,6600479,6437157,6280743
"Population, total",SP.POP.TOTL,Canada,CAN,..,35851774,35543658,35155499,34751476,34342780,34005274,33628571,33245773,32887928,32570505,32312000,31995000,31676000,31362000,31081900,30769700,30499200,30247900,29987200,29671900,29354000,29111906,28833410,28519597,28171682,27791000,27379000,26895000,26550000,26204000,25942000,25702000,25456000,25202000,24900000,24593000,24277000,24036000,23796000,23518000,23209000,22774087,22369408,21993631,21645535,21324000,21028000,20744000,20412000
"Population, total",SP.POP.TOTL,Cayman Islands,CYM,..,59967,59172,58369,57522,56580,55509,54285,52925,51480,50028,48623,47299,46032,44742,43317,41685,39810,37742,35596,33535,31672,30055,28652,27402,26211,25009,23776,22539,21343,20254,19315,18543,17911,17357,16795,16164,15447,14663,13840,13020,12238,11494,10785,10137,9583,9144,8831,8632,8518
"Population, total",SP.POP.TOTL,Central African Republic,CAF,..,4900274,4804316,4710678,4619500,4530903,4444973,4361492,4280405,4202104,4127112,4055608,3987896,3923294,3859784,3794677,3726048,3653310,3577028,3497910,3417163,3335840,3253698,3170848,3089141,3010950,2937832,2871005,2809720,2751163,2691312,2627424,2558432,2485666,2411693,2340259,2274095,2213888,2158844,2108417,2061552,2017379,1975968,1937383,1900702,1864757,1828710,1792150,1755260,1718558
"Population, total",SP.POP.TOTL,Chad,TCD,..,14037472,13587053,13145788,12715465,12298512,11896380,11510535,11139740,10779504,10423616,10067932,9710498,9353516,9002102,8663599,8343321,8042713,7760157,7494143,7242018,7001634,6773104,6556628,6350174,6151213,5958022,5769273,5585528,5409275,5244158,5092650,4955088,4830055,4716073,4610964,4512795,4421448,4336389,4254770,4173070,4088858,4000511,3908729,3816299,3727382,3644911,3569778,3500778,3436227
"Population, total",SP.POP.TOTL,Channel Islands,CHI,..,163692,162917,162138,161336,160489,159583,158613,157587,156516,155415,154298,153170,152034,150905,149797,148725,147682,146669,145709,144832,144050,143388,142822,142258,141568,140669,139528,138186,136716,135227,133804,132451,131158,129983,128988,128213,127694,127394,127190,126906,126417,125680,124728,123611,122413,121196,119971,118726,117475
"Population, total",SP.POP.TOTL,Chile,CHL,..,17948141,17762647,17575833,17388437,17201305,17015048,16829957,16645940,16462701,16279728,16096571,15913119,15729268,15544554,15358418,15170387,14980484,14788609,14594070,14396020,14193986,13987999,13778676,13566942,13354054,13141202,12928491,12716508,12507488,12304203,12108576,11921407,11742057,11569135,11400489,11234340,11070198,10907901,10746328,10584237,10420590,10255074,10087377,9916558,9741579,9561868,9377005,9187592,8995410
"Population, total",SP.POP.TOTL,China,CHN,..,1371220000,1364270000,1357380000,1350695000,1344130000,1337705000,1331260000,1324655000,1317885000,1311020000,1303720000,1296075000,1288400000,1280400000,1271850000,1262645000,1252735000,1241935000,1230075000,1217550000,1204855000,1191835000,1178440000,1164970000,1150780000,1135185000,1118650000,1101630000,1084035000,1066790000,1051040000,1036825000,1023310000,1008630000,993885000,981235000,969005000,956165000,943455000,930685000,916395000,900350000,881940000,862030000,841105000,818315000,796025000,774510000,754550000
"Population, total",SP.POP.TOTL,Colombia,COL,..,48228704,47791393,47342363,46881018,46406446,45918101,45416276,44901660,44374647,43835744,43285636,42724157,42152147,41572493,40988909,40403959,39819279,39234059,38645409,38049040,37441980,36823539,36195170,35558683,34916770,34271563,33624442,32975533,32324326,31669780,31011686,30350082,29687096,29027158,28375995,27737905,27113510,26502172,25905124,25323412,24756969,24208022,23674505,23146803,22611988,22061214,21490948,20905061,20311369
"Population, total",SP.POP.TOTL,Comoros,COM,..,788474,769991,751697,733661,715972,698695,681845,665414,649404,633814,618632,603869,589500,575428,561525,547696,533909,520180,506525,492979,479574,466309,453188,440252,427556,415144,403003,391133,379589,368443,357729,347548,337853,328355,318659,308518,297765,286583,275496,265234,256309,248921,242875,237797,233125,228443,223629,218794,214038
"Population, total",SP.POP.TOTL,"Congo, Dem. Rep.",ZAR,..,77266814,74877030,72552861,70291160,68087376,65938712,63845097,61809278,59834875,57926840,56089536,54314855,52602208,50971407,49449015,48048664,46788238,45647949,44558347,43424997,42183620,40804011,39314955,37783835,36309209,34962676,33763056,32688708,31721541,30829103,29985665,29190679,28448122,27741104,27049145,26357407,25656486,24948113,24242643,23556784,22902275,22282079,21690604,21120996,20563111,20009902,19458874,18913177,18378189
"Population, total",SP.POP.TOTL,"Congo, Rep.",COG,..,4620330,4504962,4394334,4286188,4177435,4066078,3950786,3832771,3715665,3604595,3503086,3412592,3331564,3256867,3183883,3109269,3031969,2953011,2873638,2795903,2721277,2649964,2581306,2514907,2450125,2386467,2323890,2262496,2202106,2142529,2083648,2025320,1967596,1910800,1855391,1801688,1749859,1699781,1651134,1603446,1556406,1509880,1464052,1419305,1376189,1335090,1296137,1259190,1224041
"Population, total",SP.POP.TOTL,Costa Rica,CRI,..,4807850,4757606,4706433,4654148,4600487,4545273,4488261,4429506,4369465,4308790,4247843,4187039,4125970,4063208,3996800,3925450,3848725,3767369,3682725,3596733,3510925,3425692,3341005,3257463,3175654,3095994,3018953,2944560,2872214,2800986,2730231,2659772,2589932,2521163,2454127,2389309,2326708,2266153,2207727,2151492,2097410,2045580,1995744,1947048,1898366,1848873,1798315,1746870,1694711
"Population, total",SP.POP.TOTL,Cote d'Ivoire,CIV,..,22701556,22157107,21622490,21102641,20604172,20131707,19684909,19261647,18862172,18486392,18132702,17802516,17491539,17185421,16865376,16517948,16137824,15728482,15296390,14852193,14404340,13953779,13499696,13046907,12600967,12165909,11744698,11337122,10939987,10548148,10158033,9769105,9383289,9002400,8629121,8265549,7912390,7569558,7237451,6916302,6606395,6307936,6021405,5747633,5487594,5241914,5010962,4794399,4591238
"Population, total",SP.POP.TOTL,Croatia,HRV,..,4224404,4238389,4255689,4267558,4280622,4417781,4429078,4434508,4436000,4440000,4442000,4439000,4440000,4440000,4440000,4426000,4554000,4501000,4572000,4494000,4669000,4650000,4640000,4470000,4510000,4780000,4767000,4757000,4740000,4722000,4701000,4680000,4659000,4635000,4608000,4588000,4571000,4556000,4532000,4530000,4514000,4497000,4478000,4457000,4435000,4411000,4387000,4364000,4339000
"Population, total",SP.POP.TOTL,Cuba,CUB,..,11389562,11379111,11362505,11342631,11323570,11308133,11297442,11290239,11284043,11275199,11261052,11240680,11214837,11184540,11151472,11116787,11080506,11041893,11000431,10955372,10906048,10853435,10797556,10735775,10664577,10582082,10486110,10379080,10269276,10167998,10082990,10017061,9966733,9925618,9884219,9835177,9777287,9711393,9634677,9544268,9438445,9315371,9176051,9025299,8869961,8715123,8563191,8413329,8263547
"Population, total",SP.POP.TOTL,Curacao,CUW,..,158040,155909,153822,152088,150831,148703,146833,145880,144056,141239,137658,134192,131897,129205,129047,133860,139428,144472,146956,146306,145139,144630,144299,143912,144403,145400,146937,149254,151456,152662,152711,151940,151159,150101,148629,148041,147851,148341,149459,149399,149129,148351,146912,147710,147389,144739,142581,140298,138140
"Population, total",SP.POP.TOTL,Cyprus,CYP,..,1165300,1153658,1141652,1129303,1116644,1103685,1090486,1077010,1063040,1048293,1032586,1015827,998150,979883,961482,943287,925491,908040,890733,873246,855389,837166,818814,800660,783138,766611,751047,736477,723380,712340,703693,697717,694074,691711,689173,685406,680013,673252,665528,657526,649755,642335,635109,628000,620860,613619,606117,598491,591304
"Population, total",SP.POP.TOTL,Czech Republic,CZE,..,10551219,10525347,10514272,10510785,10496088,10474410,10443936,10384603,10298828,10238905,10211216,10197101,10193998,10196916,10216605,10255063,10283860,10294373,10304131,10315241,10327253,10333587,10329855,10319123,10308578,10333355,10361068,10355276,10347318,10342227,10337118,10330213,10323856,10314826,10300591,10304193,10292341,10242098,10186755,10125939,10058620,9988459,9922266,9867632,9826815,9858071,9896580,9876346,9852899
"Population, total",SP.POP.TOTL,Denmark,DNK,..,5676002,5643475,5614932,5591572,5570572,5547683,5523095,5493621,5461438,5437272,5419432,5404523,5390574,5375931,5358783,5339616,5321799,5304219,5284991,5263074,5233373,5206180,5188628,5171370,5154298,5140939,5132594,5129516,5127024,5120534,5113691,5111619,5114297,5117810,5121572,5123027,5116801,5104248,5088419,5072596,5059862,5045297,5021861,4991596,4963126,4928757,4891860,4864883,4835354
"Population, total",SP.POP.TOTL,Djibouti,DJI,..,887861,876174,864554,853069,841802,830802,820097,809639,799309,788941,778406,767644,756656,745459,734088,722562,710652,698256,685644,673202,661076,649878,639215,627063,610679,588356,558810,523266,485565,451068,423470,404589,392908,384743,374683,358960,336254,308213,277622,248619,224182,205157,190536,179212,169370,159667,149891,140461,131403
"Population, total",SP.POP.TOTL,Dominica,DMA,..,72680,72341,72005,71685,71402,71167,70995,70881,70795,70690,70542,70325,70058,69806,69660,69679,69902,70295,70756,71146,71367,71372,71205,70978,70849,70928,71242,71743,72368,73025,73640,74215,74750,75168,75376,75313,74923,74239,73411,72648,72091,71811,71745,71737,71566,71076,70212,69042,67682
"Population, total",SP.POP.TOTL,Dominican Republic,DOM,..,10528391,10405943,10281408,10155036,10027140,9897983,9767737,9636491,9504336,9371333,9237565,9102997,8967759,8832286,8697127,8562623,8429116,8296375,8163474,8029114,7892420,7753052,7611463,7468551,7325622,7183646,7042940,6903314,6764623,6626544,6488857,6351572,6214857,6078816,5943591,5809271,5675930,5543520,5411867,5280727,5149934,5019471,4889437,4759935,4631114,4503114,4376056,4250026,4125107
"Population, total",SP.POP.TOTL,Ecuador,ECU,..,16144363,15902916,15661312,15419493,15177280,14934692,14691310,14447600,14205479,13967490,13735232,13509645,13289600,13072056,12852753,12628596,12398691,12163887,11924991,11683480,11440576,11196476,10951200,10705670,10460988,10218085,9977380,9739179,9504132,9272905,9045977,8823746,8606214,8392935,8183194,7976449,7772652,7571953,7374235,7179399,6987393,6798205,6611916,6428707,6248831,6072520,5899842,5730908,5566057
"Population, total",SP.POP.TOTL,"Egypt, Arab Rep.",EGY,..,91508084,89579670,87613909,85660902,83787634,82040994,80442443,78976122,77605327,76274285,74942115,73596068,72247626,70908710,69599945,68334905,67112877,65922626,64754566,63595629,62434527,61272847,60108373,58922018,57689828,56397273,55035937,53617678,52173840,50748187,49373806,48061546,46807221,45610430,44465918,43369552,42321740,41324806,40377668,39478585,38624410,37815578,37046807,36302154,35561087,34808599,34038147,33252275,32456565
"Population, total",SP.POP.TOTL,El Salvador,SLV,..,6126583,6107706,6089644,6072233,6055208,6038306,6021368,6004199,5986414,5967556,5947206,5925089,5900929,5874301,5844738,5811836,5775660,5736075,5692300,5643363,5588743,5528012,5461834,5392142,5321576,5252082,5184221,5117577,5051885,4986528,4920932,4855280,4789472,4722272,4652058,4577683,4498757,4415625,4328817,4239205,4147525,4053958,3958616,3862132,3765252,3668592,3572667,3477702,3383674
"Population, total",SP.POP.TOTL,Equatorial Guinea,GNQ,..,845060,820885,797082,773729,750918,728710,707155,686223,665798,645718,625866,606201,586772,567664,549007,530896,513347,496330,479836,463844,448332,433197,418409,404081,390381,377363,365451,354488,343290,330247,314407,295090,273199,251301,232934,220605,215014,215284,220352,228491,238240,249587,262399,274906,284915,290905,292014,288701,282445
"Population, total",SP.POP.TOTL,Eritrea,ERI,..,..,..,..,..,4789568,4689664,4593549,4500638,4406299,4304440,4191273,4064958,3928408,3788532,3655006,3535156,3429656,3337227,3260612,3202598,3164095,3147871,3150811,3160617,3160644,3139083,3091083,3020278,2933871,2843141,2756493,2675717,2598626,2525005,2453689,2383858,2316054,2251129,2188806,2128597,2070145,2013382,1958444,1905406,1854395,1805480,1758668,1713846,1670821
"Population, total",SP.POP.TOTL,Estonia,EST,..,1311998,1314545,1317997,1322696,1327439,1331475,1334515,1337090,1340680,1346810,1354775,1362550,1370720,1379350,1388115,1396985,1380620,1386156,1399535,1415594,1436634,1462514,1494128,1533091,1561314,1569174,1568131,1561900,1552221,1540190,1528781,1518617,1508745,1498414,1487666,1477219,1468333,1460188,1450211,1439576,1429352,1418169,1405951,1392518,1376955,1360076,1345249,1331214,1318946
"Population, total",SP.POP.TOTL,Ethiopia,ETH,..,99390750,96958732,94558374,92191211,89858696,87561814,85302099,83079608,80891968,78735675,76608431,74506974,72432290,70391170,68393128,66443603,64550161,62707547,60893264,59076414,57237226,55366517,53477944,51602776,49784987,48057094,46433604,44908705,43470219,42097111,40775997,39493503,38259376,37109517,36093319,35239974,34569428,34053431,33614153,33144537,32568539,31855294,31028728,30135007,29246170,28414999,27653622,26945459,26280771
"Population, total",SP.POP.TOTL,Faroe Islands,FRO,..,48199,48221,48292,48393,48492,48567,48613,48629,48599,48505,48337,48103,47812,47452,47012,46491,45852,45126,44467,44081,44099,44600,45501,46574,47494,48031,48105,47789,47194,46501,45840,45239,44661,44105,43559,43010,42468,41946,41447,40974,40529,40116,39731,39360,38983,38587,38164,37718,37258
"Population, total",SP.POP.TOTL,Fiji,FJI,..,892145,886450,880487,874158,867327,859952,851854,843206,834729,827390,821820,818355,816626,815691,814215,811223,806494,800314,792859,784479,775498,765666,755024,744534,735469,728626,724624,722918,721725,718548,711663,700366,685389,668196,650957,635256,621541,609348,598258,587523,576592,565386,554109,542811,531601,520529,509659,498887,487911
"Population, total",SP.POP.TOTL,Finland,FIN,..,5482013,5461512,5438972,5413971,5388272,5363352,5338871,5313399,5288720,5266268,5246096,5228172,5213014,5200598,5188008,5176209,5165474,5153498,5139835,5124573,5107790,5088333,5066447,5041992,5013740,4986431,4964371,4946481,4932123,4918154,4902206,4881803,4855787,4826933,4799964,4779535,4764690,4752528,4738902,4725664,4711440,4690574,4666081,4639657,4612124,4606307,4623785,4626469,4605744
"Population, total",SP.POP.TOTL,France,FRA,..,66808385,66495940,65972097,65659790,65342776,65027512,64707044,64374990,64016229,63621376,63179356,62704897,62244884,61805267,61357431,60912498,60496715,60186291,59964845,59753098,59541900,59327194,59106766,58851216,58559312,58512808,58182702,57836486,57482591,57132691,56795686,56470769,56156284,55858727,55585824,55340782,55130594,54947975,54764462,54541493,54252574,53882416,53441264,52959228,52480421,52035095,51638260,51276054,50915456
"Population, total",SP.POP.TOTL,French Polynesia,PYF,..,282764,279781,276766,273775,270862,268065,265412,262877,260361,257731,254884,251811,248536,245032,241276,237267,232956,228380,223734,219282,215200,211584,208349,205269,202020,198370,194249,189742,184958,180069,175208,170397,165611,160883,156240,151702,147299,143033,138867,134743,130619,126483,122355,118279,114311,110496,106858,103385,100031
"Population, total",SP.POP.TOTL,Gabon,GAB,..,1725292,1687673,1650351,1613489,1577298,1541936,1507428,1473741,1440902,1408920,1377777,1347524,1318093,1289192,1260435,1231548,1202412,1173114,1143838,1114879,1086449,1058625,1031358,1004598,978252,952269,926648,901473,876877,853039,830091,808088,787017,766867,747593,729165,711544,694734,678786,663774,649719,636702,624625,613129,601734,590119,578114,565878,553829
"Population, total",SP.POP.TOTL,"Gambia, The",GMB,..,1990924,1928201,1866878,1807108,1749099,1693002,1638899,1586749,1536424,1487731,1440542,1394727,1350345,1307674,1267103,1228863,1192920,1159001,1126786,1095839,1065746,1036627,1008296,979701,949490,916811,881146,843060,804134,766598,732092,701097,673230,648202,625413,604371,585155,567828,551823,536409,521070,505512,489860,474538,460193,447283,435800,425509,416342
"Population, total",SP.POP.TOTL,Georgia,GEO,..,3679000,3727000,3776000,3825000,3875000,3926000,3978000,4030000,4082000,4136000,4190000,4245000,4301000,4357000,4386400,4418300,4452500,4487300,4531600,4616100,4734000,4861600,4911100,4873500,4835900,4802000,4803300,4790700,4743500,4704500,4662900,4622200,4582900,4542800,4504500,4467700,4430200,4397700,4372100,4342400,4311200,4279500,4242500,4205300,4009400,3967800,4080300,4042300,4005800
"Population, total",SP.POP.TOTL,Germany,DEU,..,81413145,80982500,82132753,80425823,81797673,81776930,81902307,82110097,82266372,82376451,82469422,82516260,82534176,82488495,82349925,82211508,82100243,82047195,82034771,81914831,81678051,81438348,81156363,80624598,80013896,79433029,78751283,78144619,77839920,77720436,77684873,77858685,78128282,78333366,78407907,78288576,78126350,78091820,78159814,78336950,78673554,78967433,78936666,78688452,78312842,78169289,77909682,77294314,76951336
"Population, total",SP.POP.TOTL,Ghana,GHA,..,27409893,26786598,26164432,25544565,24928503,24317734,23713164,23115919,22528041,21951891,21389514,20840493,20305396,19788181,19293804,18824994,18384426,17969006,17568583,17169214,16760991,16339344,15907244,15471527,15042736,14628260,14232493,13852597,13480381,13103975,12716238,12311166,11895130,11488112,11117608,10802025,10550770,10354490,10189889,10023471,9831409,9604280,9350111,9083575,8827273,8596977,8397346,8221021,8057442
"Population, total",SP.POP.TOTL,Gibraltar,GIB,..,32217,31997,31720,31402,31067,30732,30407,30089,29770,29437,29080,28694,28290,27903,27580,27351,27233,27211,27246,27284,27285,27235,27146,27035,26924,26833,26760,26700,26653,26623,26611,26621,26650,26671,26651,26568,26409,26185,25922,25666,25443,25266,25121,24991,24844,24661,24438,24185,23901
"Population, total",SP.POP.TOTL,Greece,GRC,..,10823732,10892413,10965211,11045011,11104899,11121341,11107017,11077841,11048473,11020362,10987314,10955141,10928070,10902022,10862132,10805808,10761698,10720509,10661259,10608800,10562153,10512922,10460415,10399061,10319927,10196792,10089498,10036983,10000595,9967213,9934300,9895801,9846627,9789513,9729350,9642505,9548258,9429959,9308479,9188150,9046541,8962022,8929086,8888628,8831036,8792806,8772764,8740765,8684088
"Population, total",SP.POP.TOTL,Greenland,GRL,..,56114,56295,56483,56810,56890,56905,56323,56328,56555,56774,56935,56911,56765,56609,56350,56200,56100,56100,56000,55900,55800,55500,55200,55300,55500,55600,55300,54800,54100,53500,53200,52700,52100,51500,51000,50200,49600,49200,49400,49700,49600,49500,49000,48300,47200,46400,44900,43400,41900
"Population, total",SP.POP.TOTL,Grenada,GRD,..,106825,106349,105902,105476,105070,104677,104298,103934,103587,103259,102951,102657,102371,102100,101849,101620,101441,101302,101125,100796,100253,99403,98302,97201,96455,96286,96871,98063,99381,100146,99907,98440,95981,93091,90575,89004,88571,89070,90187,91435,92453,93151,93629,93937,94180,94430,94682,94875,94962
"Population, total",SP.POP.TOTL,Guam,GUM,..,169885,167543,165121,162807,160858,159440,158621,158310,158332,158429,158401,158194,157823,157241,156417,155328,153951,152275,150306,148060,145562,142806,139820,136696,133553,130482,127525,124677,121924,119232,116576,113961,111405,108911,106486,104131,101846,99628,97476,95386,93354,91381,89463,87585,85728,83880,82042,80219,78409
"Population, total",SP.POP.TOTL,Guatemala,GTM,..,16342897,16015494,15690793,15368759,15049280,14732261,14418033,14106687,13797629,13490041,13183505,12877711,12573346,12272208,11976725,11688660,11408815,11136814,10871786,10612300,10357354,10106463,9860063,9619113,9385000,9158547,8940285,8729406,8523785,8320498,8117499,7913814,7710142,7508161,7310397,7118628,6933492,6754258,6579710,6408029,6237963,6069077,5901980,5737720,5577824,5423384,5274726,5131461,4993104
"Population, total",SP.POP.TOTL,Guinea,GIN,..,12608590,12275527,11948726,11628767,11316351,11012406,10715770,10427356,10152521,9898301,9669023,9464771,9281572,9114287,8955756,8799165,8647336,8497582,8331366,8124799,7863033,7536389,7155564,6751394,6367110,6034082,5763843,5548270,5375058,5223553,5078689,4937230,4804740,4684992,4584305,4506559,4451872,4416074,4393551,4376768,4359735,4340748,4319502,4293208,4259102,4215442,4160375,4094528,4021880
"Population, total",SP.POP.TOTL,Guinea-Bissau,GNB,..,1844325,1800513,1757138,1714620,1673509,1634196,1596832,1561293,1527342,1494603,1462784,1431816,1401716,1372367,1343646,1315455,1287727,1260424,1233520,1207006,1180877,1155111,1129706,1104708,1080191,1056208,1032797,1009967,987718,966039,944941,924378,904391,885166,866947,849886,834068,819371,805481,791959,778482,764974,751512,738117,724863,711828,698917,686155,673893
"Population, total",SP.POP.TOTL,Guyana,GUY,..,767085,763893,761033,758410,755883,753362,750749,748096,745638,743705,742495,742162,742537,743107,743163,742218,740189,737316,733854,730193,726695,723230,719910,717621,717502,720282,726237,734872,745149,755598,765043,773302,780367,785466,787728,786614,781677,773227,762445,751008,740167,730227,720919,712188,703811,695561,687658,680068,671986
"Population, total",SP.POP.TOTL,Haiti,HTI,..,10711067,10572029,10431249,10288828,10144890,9999617,9852953,9705130,9556958,9409479,9263409,9119182,8976555,8834739,8692564,8549202,8404396,8258484,8111954,7965548,7819806,7674911,7530703,7386974,7243391,7099733,6956301,6813344,6670566,6527545,6384196,6240330,6096690,5955265,5818673,5688832,5566265,5450550,5341418,5238242,5140357,5047948,4960655,4876558,4793157,4708639,4622209,4534233,4445531
"Population, total",SP.POP.TOTL,Honduras,HND,..,8075060,7961680,7849059,7736131,7621414,7503875,7383098,7259470,7133737,7007029,6880181,6753352,6626304,6499001,6371304,6243080,6114534,5985675,5855946,5724587,5591136,5455481,5318042,5179557,5041050,4903363,4766802,4631491,4497875,4366401,4237436,4111369,3988371,3868296,3750843,3635862,3523283,3413426,3306988,3204883,3107735,3015606,2928190,2845260,2766444,2691309,2620014,2552200,2486288
"Population, total",SP.POP.TOTL,"Hong Kong SAR, China",HKG,..,7305700,7241700,7187500,7154600,7071600,7024200,6972800,6957800,6916300,6857100,6813200,6783500,6730800,6744100,6714300,6665000,6606500,6543700,6489300,6435500,6156100,6035400,5901000,5800500,5752000,5704500,5686200,5627600,5590500,5524600,5456200,5397900,5345100,5264500,5183400,5063100,4929700,4667500,4583700,4518000,4461600,4334200,4241600,4123600,4045300,3959000,3863900,3802700,3722800
"Population, total",SP.POP.TOTL,Hungary,HUN,..,9844686,9866468,9893082,9920362,9971727,10000023,10022650,10038188,10055780,10071370,10087065,10107146,10129552,10158608,10187576,10210971,10237530,10266570,10290486,10311238,10328965,10343355,10357523,10369341,10373400,10373988,10481719,10596487,10612741,10630564,10648713,10668095,10689463,10705535,10711848,10711122,10704152,10684822,10648031,10598677,10540525,10478720,10432055,10398489,10367537,10337910,10298723,10255815,10216604
"Population, total",SP.POP.TOTL,Iceland,ISL,..,330823,327386,323764,320716,319014,318041,318499,317414,311566,303782,296734,292074,289521,287523,284968,281205,277381,274047,271128,268916,267468,266021,263725,261057,257797,254826,252852,249740,245859,243180,241405,239511,236977,233860,230755,228138,225735,223537,221799,220154,217979,215209,212317,209137,206098,204438,203369,201488,198751
"Population, total",SP.POP.TOTL,India,IND,..,1311050527,1295291543,1279498874,1263589639,1247446011,1230984504,1214182182,1197070109,1179685631,1162088305,1144326293,1126419321,1108369577,1090189358,1071888190,1053481072,1034976626,1016402907,997817250,979290432,960874982,942604211,924475633,906461358,888513869,870601776,852736160,834944397,817232241,799607235,782085127,764664278,747374856,730303461,713561406,697229745,681358553,665936435,650907559,636182810,621703641,607446519,593451889,579800632,566605402,553943226,541844848,530274729,519162069
"Population, total",SP.POP.TOTL,Indonesia,IDN,..,257563815,254454778,251268276,248037853,244808254,241613126,238465165,235360765,232296830,229263980,226254703,223268606,220307809,217369087,214448301,211540428,208644079,205753493,202853850,199926615,196957845,193939912,190873248,187762097,184614740,181436821,178233231,175000919,171728916,168402027,165012195,161555584,158044343,154506266,150978841,147490366,144053516,140665859,137322122,134010695,130724118,127465232,124242299,121059511,117921994,114834781,111800090,108821565,105907403
"Population, total",SP.POP.TOTL,"Iran, Islamic Rep.",IRN,..,79109272,78143644,77152445,76156975,75184322,74253373,73370982,72530693,71720859,70923164,70122115,69321953,68522074,67696677,66812736,65850062,64780362,63616065,62426086,61306632,60318632,59501292,58811858,58130099,57288039,56169196,54735239,53035939,51152122,49205577,47290793,45429019,43610506,41862373,40209077,38668222,37256771,35977589,34814231,33739231,32730555,31784896,30903565,30073845,29281130,28514011,27765239,27032944,26318116
"Population, total",SP.POP.TOTL,Iraq,IRQ,..,36423395,35273293,34107366,32957622,31867758,30868156,29970634,29163327,28423538,27716983,27017712,26320530,25630426,24943793,24258794,23574751,22888600,22200835,21519356,20855408,20217759,19606895,19021967,18468521,17952909,17478455,17048167,16657708,16293719,15937864,15576396,15204746,14824876,14437661,14046273,13653358,13257910,12859226,12460997,12068195,11684585,11312304,10951169,10599846,10255904,9917982,9585576,9260685,8947399
"Population, total",SP.POP.TOTL,Ireland,IRL,..,4640703,4617225,4598294,4586897,4576794,4560155,4535375,4489544,4398942,4273591,4159914,4070262,3996521,3931947,3866243,3805174,3754786,3712696,3674171,3637510,3608841,3590386,3576261,3558430,3534235,3513974,3511009,3524949,3540057,3539690,3538082,3532423,3510600,3485800,3453000,3412800,3373750,3329100,3282200,3238050,3189550,3137500,3085950,3036850,2992050,2957250,2932650,2915550,2902450
"Population, total",SP.POP.TOTL,Isle of Man,IMY,..,87780,87127,86462,85779,85069,84327,83548,82737,81914,81110,80345,79636,78975,78318,77608,76806,75879,74853,73817,72899,72181,71726,71486,71306,70963,70312,69265,67902,66449,65225,64446,64207,64404,64817,65128,65108,64680,63918,62934,61900,60941,60098,59326,58563,57711,56712,55554,54289,52995
"Population, total",SP.POP.TOTL,Israel,ISR,..,8380400,8215700,8059500,7910500,7765800,7623600,7485600,7308800,7180100,7053700,6930100,6809000,6689700,6570000,6439000,6289000,6125000,5971000,5836000,5692000,5545000,5399000,5261000,5123000,4949000,4660000,4518000,4442000,4369000,4299000,4233000,4159000,4105000,4031000,3956000,3878000,3786000,3690000,3613000,3533000,3455000,3377000,3278000,3148000,3069000,2974000,2877000,2803000,2745000
"Population, total",SP.POP.TOTL,Italy,ITA,..,60802085,60789140,60233948,59539717,59379449,59277417,59095365,58826731,58438310,58143979,57969484,57685327,57313203,57059007,56974100,56942108,56916317,56906744,56890372,56860281,56844303,56843400,56831821,56797087,56758521,56719240,56671781,56629288,56601931,56596155,56593071,56576718,56564074,56543548,56501675,56433883,56317749,56155143,55955411,55718260,55441001,55110868,54751406,54381345,54073490,53821850,53537950,53235750,52900500
"Population, total",SP.POP.TOTL,Jamaica,JAM,..,2725941,2720554,2714669,2707805,2699838,2690824,2681386,2671934,2662481,2653042,2643601,2634145,2624695,2615253,2605556,2589389,2574289,2556780,2534069,2509923,2480000,2460002,2441024,2423044,2406042,2390000,2374900,2356400,2350600,2335800,2311100,2279900,2240800,2200100,2162300,2133000,2104141,2080307,2059399,2037716,2013000,1985852,1956080,1925162,1895629,1869000,1844936,1823706,1803891
"Population, total",SP.POP.TOTL,Japan,JPN,..,126958472,127131800,127338621,127561489,127817277,128070000,128047000,128063000,128001000,127854000,127773000,127761000,127718000,127445000,127149000,126843000,126631000,126400000,126057000,125757000,125439000,124961000,124536000,124229000,123921000,123537000,123116000,122613000,122091000,121492000,120754000,120018000,119259000,118449000,117648000,116782000,115870000,114898000,113863000,112771000,111940000,110162000,108079000,107188000,105697000,104345000,103172000,101061000,100725000
"Population, total",SP.POP.TOTL,Jordan,JOR,..,7594547,7416083,7214832,6994451,6760371,6517912,6266865,6010035,5759424,5530218,5332982,5171633,5042538,4938935,4850227,4767476,4691402,4621329,4545248,4448113,4320158,4154813,3957221,3743944,3538663,3358453,3209466,3086664,2982349,2884065,2782885,2676515,2568582,2462968,2365665,2280670,2208562,2146662,2091716,2039114,1985121,1929939,1873548,1811870,1739903,1654769,1553585,1438986,1320414
"Population, total",SP.POP.TOTL,Kazakhstan,KAZ,..,17544126,17289224,17035275,16791425,16556600,16321581,16092701,15674000,15484192,15308084,15147029,15012985,14909018,14858948,14858335,14883626,14928426,15071300,15333703,15577894,15815626,16095199,16330419,16439095,16450500,16348000,16249500,15982510,15801753,15600928,15403006,15214051,15030495,14853993,14683789,14518924,14362417,14215111,14070681,13920105,13756789,13577049,13382211,13176584,12966920,12757245,12550121,12341412,12120504
"Population, total",SP.POP.TOTL,Kenya,KEN,..,46050302,44863583,43692881,42542978,41419954,40328313,39269988,38244442,37250540,36286015,35349040,34437460,33551079,32691980,31863280,31065820,30301240,29564614,28842245,28116027,27373035,26608089,25824736,25029754,24234087,23446229,22668238,21899004,21140344,20393724,19660713,18942599,18241331,17559778,16901181,16267906,15661414,15081598,14527187,13995974,13486241,12997447,12529810,12083165,11657479,11252466,10867717,10502250,10154489
"Population, total",SP.POP.TOTL,Kiribati,KIR,..,112423,110470,108544,106620,104662,102648,100566,98437,96310,94257,92329,90545,88892,87343,85858,84406,82969,81556,80190,78907,77727,76674,75722,74773,73698,72411,70863,69104,67262,65519,64006,62768,61760,60918,60137,59340,58509,57664,56815,55980,55169,54382,53605,52823,52020,51181,50303,49389,48440
"Population, total",SP.POP.TOTL,"Korea, Dem. People’s Rep.",PRK,..,25155317,25026772,24895705,24763353,24631359,24500506,24371806,24243829,24111945,23969897,23813324,23639296,23449173,23248053,23043441,22840218,22641747,22444986,22240826,22016510,21763670,21478544,21166230,20838082,20510208,20194354,19895390,19610512,19334550,19058988,18778101,18487997,18191881,17899236,17623335,17372167,17151321,16953621,16758826,16539029,16274740,15960127,15603001,15214615,14812363,14410400,14009168,13608611,13221826
"Population, total",SP.POP.TOTL,"Korea, Rep.",KOR,..,50617045,50423955,50219669,50004441,49779440,49410366,49182038,48948698,48597652,48371946,48138077,48039415,47859311,47622179,47357362,47008111,46616677,46286503,45953580,45524681,45092991,44641540,44194628,43747962,43295704,42869283,42449038,42031247,41621690,41213674,40805744,40405956,39910403,39326352,38723248,38123775,37534236,36969185,36411795,35848523,35280725,34692266,34103149,33505406,32882704,32240827,31544266,30838302,30130983
"Population, total",SP.POP.TOTL,Kosovo,KSV,..,1797151,1812771,1818117,1805200,1790957,1775680,1761474,1747383,1733404,1719536,1705780,1704622,1703466,1702310,1701154,1700000,1762000,1966000,2086000,2059000,2029000,1997000,1965000,1932000,1898000,1862000,1827000,1791000,1753000,1717000,1682000,1647000,1614000,1582000,1552000,1521000,1491000,1460000,1430000,1400000,1369000,1339000,1308000,1278000,1247000,1219000,1191000,1163000,1135000
"Population, total",SP.POP.TOTL,Kuwait,KWT,..,3892115,3753121,3593689,3419581,3239181,3059473,2881243,2705290,2538591,2389498,2263604,2166344,2095993,2042215,1990022,1929470,1853152,1766247,1686256,1637906,1637031,..,..,..,2007110,2058832,2054443,2002645,1917950,1823201,1735320,1657920,1586205,1518855,1452383,1384342,1315428,1247597,1180939,1115463,1051187,988267,926817,866747,807900,750184,693876,639170,585831
"Population, total",SP.POP.TOTL,Kyrgyz Republic,KGZ,..,5957000,5835500,5719600,5607200,5514600,5447900,5383300,5318700,5268400,5218400,5162600,5104700,5043300,4990700,4945100,4898400,4840400,4769000,4696400,4628400,4560400,4515100,4516700,4515400,4463600,4391200,4307500,4218400,4144600,4066500,3990300,3916400,3838300,3759300,3685800,3617400,3552000,3487100,3423900,3358700,3292400,3223900,3153800,3088200,3022300,2959900,2894800,2818300,2736500
"Population, total",SP.POP.TOTL,Lao PDR,LAO,..,6802023,6689300,6579985,6473050,6366909,6260544,6153153,6045439,5939634,5838837,5745012,5658894,5579003,5502340,5424701,5342879,5256207,5165072,5068658,4966303,4857774,4742685,4621685,4496971,4371549,4247839,4126935,4009121,3895066,3785230,3680145,3579370,3483492,3395113,3317570,3252701,3202270,3164146,3131492,3094940,3047864,2987544,2916148,2837967,2759634,2686025,2618246,2554843,2495093
"Population, total",SP.POP.TOTL,Latvia,LVA,..,1978440,1993782,2012647,2034319,2059709,2097555,2141669,2177322,2200325,2218357,2238799,2263122,2287955,2310173,2337170,2367550,2390482,2410019,2432851,2457222,2485056,2520742,2563290,2614338,2650581,2663151,2666955,2653434,2626583,2599892,2578873,2562047,2546011,2531080,2519421,2511701,2505953,2497921,2485073,2470989,2456130,2437186,2415819,2395674,2376389,2359164,2343173,2323619,2301220
"Population, total",SP.POP.TOTL,Lebanon,LBN,..,5850743,5612096,5286990,4924257,4591698,4337156,4181742,4109389,4085426,4057041,3986865,3863271,3701464,3522842,3359875,3235380,3156661,3113960,3092684,3070974,3033406,2974647,2900862,2821868,2752473,2703019,2676615,2668593,2672182,2677290,2676593,2667229,2651295,2632281,2615753,2605294,2602573,2604875,2606224,2598362,2575693,2535503,2480426,2416743,2353569,2297403,2250609,2210965,2174850
"Population, total",SP.POP.TOTL,Lesotho,LSO,..,2135022,2109197,2083061,2057331,2032950,2010586,1990413,1972194,1955656,1940345,1925844,1912042,1898778,1885488,1871489,1856225,1839631,1821632,1801695,1779201,1753824,1725118,1693459,1660360,1627900,1597534,1569936,1544580,1520244,1495101,1467856,1438248,1406818,1374044,1340694,1307403,1274216,1241159,1208836,1177975,1149090,1122484,1098033,1075281,1053524,1032240,1011308,990869,970972
"Population, total",SP.POP.TOTL,Liberia,LBR,..,4503438,4396554,4293692,4190155,4079574,3957990,3821498,3672782,3522337,3384804,3269786,3184643,3124222,3070673,2998770,2891968,2741755,2558085,2365290,2197801,2079921,2019148,2006349,2028672,2066060,2102877,2137018,2170426,2196204,2206867,2197442,2163835,2107523,2036325,1961795,1892529,1830963,1775200,1724313,1676016,1628656,1582584,1538882,1497356,1457714,1419728,1383305,1348448,1315119
"Population, total",SP.POP.TOTL,Libya,LBY,..,6278438,6258984,6265987,6283403,6288652,6265697,6208680,6123022,6017794,5907149,5801543,5703224,5609166,5518341,5428303,5337264,5245414,5153764,5062160,4970391,4878202,4785488,4691934,4596811,4499210,4398419,4294547,4187631,4076888,3961363,3840635,3714264,3583183,3450078,3318560,3191304,3069540,2952877,2840378,2730373,2621730,2514373,2409101,2306668,2208125,2114264,2025282,1941056,1861661
"Population, total",SP.POP.TOTL,Liechtenstein,LIE,..,37531,37286,37040,36791,36537,36276,36004,35721,35431,35141,34852,34569,34290,33995,33663,33282,32843,32357,31842,31327,30833,30365,29921,29503,29111,28745,28405,28091,27799,27523,27259,27009,26768,26514,26221,25869,25447,24963,24444,23926,23435,22984,22562,22153,21726,21266,20765,20235,19691
"Population, total",SP.POP.TOTL,Lithuania,LTU,..,2910199,2932367,2957689,2987773,3028115,3097282,3162916,3198231,3231294,3269909,3322528,3377075,3415213,3443067,3470818,3499536,3524238,3549331,3575137,3601613,3629102,3657144,3682613,3700114,3704134,3697838,3684255,3655049,3616367,3578914,3544543,3514205,3485192,3457179,3432947,3413202,3397842,3379514,3355036,3328664,3301652,3273894,3244438,3213622,3179041,3139689,3107321,3078850,3044400
"Population, total",SP.POP.TOTL,Luxembourg,LUX,..,569676,556319,543360,530946,518347,506953,497783,488650,479993,472637,465158,458095,451630,446175,441525,436300,430475,424700,419450,414225,408625,402925,397475,392175,387000,381850,377100,373450,370750,368355,366706,365998,365622,365525,365225,364150,362856,362007,361358,360731,358950,355050,350450,346600,342421,339171,337500,335850,334995
"Population, total",SP.POP.TOTL,"Macao SAR, China",MAC,..,587606,577914,568056,557763,546682,534626,521405,507274,493022,479728,468149,458579,450754,444178,438088,431907,425448,418810,412031,405231,398459,391783,385041,377799,369484,359735,348467,335952,322655,309226,296222,283672,271674,260921,252258,246236,243073,242458,243729,245915,248213,250550,252845,254282,253881,250997,245310,237129,227258
"Population, total",SP.POP.TOTL,"Macedonia, FYR",MKD,..,2078453,2075625,2072543,2069270,2065888,2062443,2058920,2055266,2051427,2047330,2042894,2038444,2033974,2028706,2021585,2012051,1999362,1984242,1969345,1958303,1953544,1956165,1964924,1977033,1988458,1996227,1999338,1998471,1994368,1988401,1981532,1974069,1965488,1954990,1941445,1924194,1902718,1877687,1851068,1825554,1803009,1784395,1768996,1754954,1739525,1720798,1698140,1672401,1644944
"Population, total",SP.POP.TOTL,Madagascar,MDG,..,24235390,23571713,22924557,22293720,21678867,21079532,20495706,19926798,19371031,18826129,18290394,17763367,17245275,16736029,16235767,15744811,15262817,14790245,14329239,13882646,13452526,13039754,12643864,12263899,11898267,11545782,11205548,10877757,10563491,10264368,9981113,9714342,9462343,9220693,8983494,8746516,8507958,8268902,8031589,7799642,7575757,7360271,7152391,6952383,6760352,6576301,6400454,6232704,6072270
"Population, total",SP.POP.TOTL,Malawi,MWI,..,17215232,16695253,16190126,15700436,15226813,14769824,14329056,13904671,13498377,13112383,12747846,12407618,12090476,11788731,11491824,11193230,10882543,10563554,10260421,10006767,9822812,9725612,9697635,9682918,9604199,9408998,9073088,8620942,8108484,7617137,7205635,6892527,6659453,6483571,6327344,6163225,5986639,5807170,5627788,5454839,5292816,5141138,4996861,4859569,4728693,4603739,4484456,4370664,4262013
"Population, total",SP.POP.TOTL,Malaysia,MYS,..,30331007,29901997,29465372,29021940,28572970,28119500,27661017,27197419,26730607,26263048,25796124,25332026,24869423,24401977,23920963,23420751,22898579,22358128,21808125,21260881,20725374,20205992,19700762,19204700,18709835,18211097,17707064,17202032,16703500,16221767,15764340,15333369,14926976,14543585,14180093,13833739,13504433,13191699,12891715,12599655,12311782,12025930,11741849,11460080,11182078,10908634,10640347,10375877,10111920
"Population, total",SP.POP.TOTL,Maldives,MDV,..,409163,401000,393000,385000,377000,367000,360000,362000,349000,333000,321000,312000,304000,297000,292000,286000,280000,271000,264000,262000,255000,245000,242000,234000,227000,218000,216553,209832,203059,196283,189551,182864,176258,169861,163834,158282,153285,148797,144645,140582,136434,132122,127717,123372,119315,115703,112591,109901,107488
"Population, total",SP.POP.TOTL,Mali,MLI,..,17599694,17086022,16592097,16112333,15639115,15167286,14694565,14223403,13759226,13309942,12881384,12474857,12088867,11723017,11376094,11046926,10736542,10444822,10168000,9901045,9640643,9383608,9131449,8891141,8672581,8482075,8322726,8189984,8073178,7957390,7831891,7692537,7542377,7386669,7233877,7090125,6956779,6831530,6712545,6596817,6482276,6368351,6256192,6147459,6044532,5949043,5861411,5780834,5706198
"Population, total",SP.POP.TOTL,Malta,MLT,..,431333,427364,423374,419455,416268,414508,412477,409379,406724,405308,403834,401268,398582,395969,393028,381363,379360,377516,375236,372687,370433,367941,364704,361260,357727,354170,350722,347325,344485,342121,336452,330593,330524,325898,318982,316645,313342,310182,306970,305774,304222,301996,302200,302450,302700,302650,304300,307900,311550
"Population, total",SP.POP.TOTL,Marshall Islands,MHL,..,52993,52898,52786,52663,52541,52428,52321,52221,52136,52080,52058,52074,52115,52161,52184,52161,52076,51922,51697,51397,51020,50577,50052,49382,48481,47300,45813,44063,42148,40203,38334,36567,34895,33334,31895,30581,29416,28399,27470,26549,25580,24536,23440,22340,21310,20397,19622,18965,18388
"Population, total",SP.POP.TOTL,Mauritania,MRT,..,4067564,3969625,3872684,3777067,3683221,3591400,3501927,3414552,3328285,3241762,3154087,3064882,2974686,2884672,2796502,2711421,2629806,2551429,2476188,2403779,2333966,2266745,2202201,2140250,2080782,2023665,1968870,1916240,1865356,1815692,1766855,1718641,1671080,1624310,1578585,1534085,1490811,1448664,1407621,1367640,1328687,1290755,1253839,1217912,1182945,1148908,1115790,1083586,1052285
"Population, total",SP.POP.TOTL,Mauritius,MUS,..,1262605,1260934,1258653,1255882,1252404,1250400,1247429,1244121,1239630,1233996,1228254,1221003,1213370,1204621,1196287,1186873,1175267,1160421,1148284,1133996,1122457,1112846,1097374,1084441,1070266,1058775,1051260,1043239,1036082,1028360,1020528,1012221,1001691,992521,980462,966039,949888,933499,921379,906507,892000,878042,864819,852053,839230,826000,812405,798413,783917
"Population, total",SP.POP.TOTL,Mexico,MEX,..,127017224,125385833,123740109,122070963,120365271,118617542,116815612,114972821,113139374,111382857,109747906,108257822,106888418,105578297,104239563,102808590,101266570,99632299,97925825,96181710,94426946,92663664,90887097,89110043,87347208,85609404,83901643,82223153,80571067,78939441,77322643,75721210,74133377,72547995,70950741,69330974,67688533,66025613,64337694,62620087,60872399,59090495,57283361,55480125,53719547,52029859,50423127,48893607,47429553
"Population, total",SP.POP.TOTL,"Micronesia, Fed. Sts.",FSM,..,104460,104044,103718,103516,103476,103619,103961,104472,105080,105680,106198,106575,106816,106983,107170,107430,107808,108236,108506,108342,107556,106057,103937,101412,98800,96331,94091,92020,90024,87948,85689,83242,80678,78057,75462,72967,70550,68221,66110,64386,63146,62477,62289,62298,62107,61433,60167,58404,56324
"Population, total",SP.POP.TOTL,Moldova,MDA,..,3554150,3556397,3558566,3559519,3559986,3562045,3565604,3570108,3576910,3585209,3595187,3603945,3612874,3623062,3631462,3639592,3647001,3652732,3654208,3667748,3675099,3691000,3701000,3706000,3704000,3696000,3681000,3660000,3633000,3602000,3570000,3536000,3500000,3464000,3429000,3396000,3366000,3339000,3312000,3284000,3251000,3215000,3174000,3131000,3088000,3044000,3002000,2960000,2918000
"Population, total",SP.POP.TOTL,Monaco,MCO,..,37731,37623,37528,37404,37189,36845,36351,35731,35046,34384,33808,33339,32960,32648,32364,32081,31795,31517,31242,30971,30700,30423,30138,29864,29626,29438,29313,29238,29169,29048,28836,28514,28098,27629,27165,26746,26391,26086,25809,25521,25201,24835,24440,24052,23722,23484,23348,23296,23297
"Population, total",SP.POP.TOTL,Mongolia,MNG,..,2959134,2909871,2859174,2808339,2759074,2712657,2669572,2629666,2592776,2558484,2526447,2496621,2469045,2443503,2419729,2397438,2376165,2355588,2335694,2316571,2298038,2280495,2263204,2243506,2217920,2184145,2141006,2089716,2033345,1976311,1921885,1871087,1823215,1777727,1733479,1689622,1646291,1603908,1562212,1520865,1479650,1438423,1397305,1356669,1317049,1278825,1242213,1207108,1173186
"Population, total",SP.POP.TOTL,Montenegro,MNE,..,622388,621810,621207,620601,620079,619428,618294,616969,615875,615025,614261,613353,612267,609828,607389,604950,606001,607662,609520,611003,611712,611389,610170,608516,607105,606372,606571,607413,608144,607711,605398,600884,594506,587001,579445,572608,566888,562065,557576,552562,546487,538902,530220,521785,515449,512407,513340,517481,522796
"Population, total",SP.POP.TOTL,Morocco,MAR,..,34377511,33921203,33452686,32984190,32531964,32107739,31714958,31350544,31011322,30691434,30385479,30093109,29812685,29535591,29250983,28950553,28630973,28292299,27934014,27556892,27161889,26747660,26314339,25866445,25410178,24950128,24489354,24027330,23560825,23084731,22596133,22094516,21583746,21070647,20564359,20071902,19595092,19133462,18688782,18262366,17854614,17466606,17097003,16740525,16389949,16039600,15687996,15335173,14978905
"Population, total",SP.POP.TOTL,Mozambique,MOZ,..,27977863,27216276,26467180,25732928,25016921,24321457,23647815,22994867,22359637,21737860,21126676,20523159,19928496,19348715,18792357,18264536,17774066,17317376,16872896,16410777,15913101,15363065,14775877,14203987,13719853,13371971,13181941,13124285,13142516,13155271,13102982,12968335,12766859,12511864,12228508,11936379,11635174,11320103,11001909,10693688,10405000,10141147,9901052,9679753,9468836,9262078,9058691,8860823,8668529
"Population, total",SP.POP.TOTL,Myanmar,MMR,..,53897154,53437159,52983829,52543841,52125411,51733013,51369725,51030006,50698814,50355559,49984704,49582751,49151958,48689952,48195684,47669791,47106923,46509586,45895991,45290888,44710931,44164109,43642311,43126260,42588029,42007309,41379635,40711172,40005369,39269143,38508821,37724581,36917980,36098908,35279907,34470694,33675835,32895739,32130696,31379308,30640635,29916827,29209686,28517289,27836648,27166045,26504247,25853248,25218375
"Population, total",SP.POP.TOTL,Namibia,NAM,..,2458830,2402858,2346592,2291645,2240161,2193643,2152357,2115703,2083174,2053915,2027026,2002745,1980531,1957749,1931005,1897953,1857320,1809920,1758097,1705349,1654214,1605828,1559480,1513689,1466152,1415447,1360921,1303879,1247186,1194769,1149389,1112044,1081740,1056758,1034446,1012761,991365,970569,949734,928228,905647,881530,855965,829806,804309,780386,758305,737802,718622
"Population, total",SP.POP.TOTL,Nauru,NRU,..,10222,10176,10125,10079,10043,10025,10028,10047,10075,10101,10115,10113,10096,10073,10053,10042,10044,10054,10056,10033,9970,9863,9719,9544,9354,9157,8956,8752,8550,8356,8174,8007,7855,7719,7597,7488,7393,7311,7235,7156,7070,6972,6862,6743,6619,6493,6368,6241,6102
"Population, total",SP.POP.TOTL,Nepal,NPL,..,28513700,28174724,27834981,27500515,27179237,26875910,26592666,26325183,26063619,25794344,25506847,25198130,24868900,24516969,24140941,23740145,23315053,22866496,22395247,21902534,21390905,20859421,20312687,19765570,19237322,18741688,18285434,17865238,17472138,17091959,16714335,16337117,15963746,15596012,15237302,14890080,14554356,14228941,13913775,13608670,13313487,13028248,12753028,12487785,12232454,11986974,11750914,11524132,11307139
"Population, total",SP.POP.TOTL,Netherlands,NLD,..,16936520,16865008,16804432,16754962,16693074,16615394,16530388,16445593,16381696,16346101,16319868,16281779,16225302,16148929,16046180,15925513,15812088,15707209,15610650,15530498,15459006,15382838,15290368,15184166,15069798,14951510,14848907,14760094,14665037,14572278,14491632,14424211,14367070,14312690,14247208,14149800,14038270,13941700,13856185,13774037,13666335,13545056,13439322,13328593,13194497,13038526,12877984,12729721,12598201
"Population, total",SP.POP.TOTL,New Caledonia,NCL,..,273000,268000,263000,259000,254000,250000,245000,242000,238000,235000,231000,228000,225000,221490,217324,213230,209214,205279,201418,197564,193816,189482,184496,179799,175362,170899,166898,163650,160500,157350,154450,151650,148700,145700,142650,140050,138500,137500,136000,134000,132500,131000,128500,125500,120000,112000,104000,99500,96500
"Population, total",SP.POP.TOTL,New Zealand,NZL,..,4595700,4509700,4442100,4408100,4384000,4350700,4302600,4259800,4223800,4184600,4133900,4087500,4027200,3948500,3880500,3857700,3835100,3815000,3781300,3732000,3673400,3620000,3572200,3531700,3495100,3329800,3299200,3283400,3274400,3246300,3247100,3227100,3199300,3156100,3124900,3112900,3109000,3121200,3120200,3110500,3083100,3023700,2961300,2903900,2853000,2810700,2772800,2748100,2724100
"Population, total",SP.POP.TOTL,Nicaragua,NIC,..,6082032,6013913,5945646,5877034,5807787,5737722,5666595,5594524,5522119,5450217,5379327,5309703,5240876,5171736,5100750,5026792,4949661,4869627,4786641,4700777,4612229,4520727,4426577,4331273,4236805,4144564,4055262,3968453,3882940,3796914,3709091,3619252,3527935,3435527,3342666,3249910,3157356,3065118,2973805,2884156,2796748,2711847,2629503,2549779,2472656,2398095,2326136,2256779,2189880
"Population, total",SP.POP.TOTL,Niger,NER,..,19899120,19113728,18358863,17635782,16946485,16291990,15672194,15085130,14527631,13995530,13485436,12996012,12526725,12075991,11642308,11224523,10821434,10432657,10058960,9701730,9361912,9039088,8732500,8442330,8168834,7911884,7671233,7445788,7233482,7031675,6838170,6652110,6472971,6299343,6129762,5963159,5798584,5635954,5476206,5320869,5171029,5026744,4887484,4753054,4623121,4497355,4375837,4258415,4144238
"Population, total",SP.POP.TOTL,Nigeria,NGA,..,182201962,177475986,172816517,168240403,163770669,159424742,155207145,151115683,147152502,143318011,139611303,136033321,132581484,129246283,126014935,122876723,119826231,116860691,113975055,111164651,108424822,105753088,103145093,100592458,98085436,95617345,93179755,90773613,88412917,86118043,83901570,81775215,79729311,77729802,75729572,73698096,71619216,69512233,67425435,65426976,63565598,61857023,60285453,58829319,57453734,56131844,54859201,53640547,52468593
"Population, total",SP.POP.TOTL,Northern Mariana Islands,MNP,..,55070,54541,53869,53314,53234,53860,55276,57343,59791,62235,64372,66143,67562,68499,68817,68434,67271,65374,62939,60248,57518,54817,52120,49429,46719,43972,41243,38570,35904,33173,30341,27363,24308,21393,18906,17048,15906,15390,15293,15316,15232,14978,14605,14142,13658,13203,12766,12318,11882
"Population, total",SP.POP.TOTL,Norway,NOR,..,5195921,5137232,5079623,5018573,4953088,4889252,4828726,4768212,4709153,4660677,4623291,4591910,4564855,4538159,4513751,4490967,4461913,4431464,4405157,4381336,4359184,4336613,4311991,4286401,4261732,4241473,4226901,4209488,4186905,4167354,4152516,4140099,4128432,4114787,4099702,4085620,4072517,4058671,4043205,4026152,4007313,3985258,3960612,3933004,3903039,3875763,3847707,3816486,3784539
"Population, total",SP.POP.TOTL,Oman,OMN,..,4490541,4236057,3906912,3545192,3210003,2943747,2762073,2652281,2593750,2553376,2506891,2448194,2385075,2323203,2272547,2239403,2225481,2224922,2227596,2219768,2191864,2139539,2066264,1979914,1892345,1812159,1741965,1679089,1620573,1561493,1498416,1430926,1360921,1290007,1220548,1154375,1091855,1032799,977806,927439,882044,841947,806989,776379,748971,723850,700729,679593,660117
"Population, total",SP.POP.TOTL,Pakistan,PAK,..,188924874,185044286,181192646,177392252,173669648,170043918,166520983,163096985,159767672,156524189,153356383,150267989,147251530,144271586,141282077,138250487,135158132,132013680,128845692,125697651,122599749,119564925,116579605,113616165,110634399,107607639,104530689,101420791,98301647,95207133,92165065,89183159,86264621,83427522,80691701,78071984,75575981,73204087,70953777,68818471,66791496,64873705,63062204,61341255,59690467,58094239,56545924,55045897,53594445
"Population, total",SP.POP.TOTL,Palau,PLW,..,21291,21097,20919,20756,20606,20470,20344,20227,20118,20012,19907,19805,19700,19575,19404,19174,18878,18524,18123,17695,17255,16805,16345,15894,15471,15089,14762,14485,14237,13982,13698,13371,13015,12667,12383,12197,12127,12151,12225,12284,12280,12195,12045,11853,11656,11481,11335,11206,11081
"Population, total",SP.POP.TOTL,Panama,PAN,..,3929141,3867535,3805683,3743761,3681979,3620506,3559401,3498679,3438398,3378600,3319301,3260611,3202511,3144728,3086887,3028751,2970193,2911383,2852739,2794845,2738125,2682720,2628511,2575330,2522901,2471010,2419618,2368772,2318444,2268619,2219276,2170390,2121921,2073826,2026057,1978575,1931393,1884512,1837887,1791459,1745207,1699114,1653257,1607835,1563113,1519293,1476478,1434660,1393800
"Population, total",SP.POP.TOTL,Papua New Guinea,PNG,..,7619321,7463577,7308864,7154870,7001172,6847517,6693799,6540267,6387470,6236158,6086905,5940048,5795571,5653284,5512835,5374051,5236863,5101633,4969116,4840311,4715929,4596131,4480689,4369407,4261933,4157903,4057406,3960243,3865402,3771578,3677854,3583707,3489402,3395798,3304188,3215483,3130125,3047769,2967620,2888509,2809692,2730859,2652586,2576093,2503074,2434755,2371515,2313017,2258877
"Population, total",SP.POP.TOTL,Paraguay,PRY,..,6639123,6552518,6465669,6379162,6293763,6209877,6127847,6047131,5966160,5882797,5795493,5703742,5607948,5508615,5406625,5302703,5196935,5089306,4980346,4870695,4760853,4651222,4541902,4432738,4323402,4213740,4103909,3994328,3885433,3777764,3671826,3567750,3465796,3366726,3271454,3180628,3094479,3012833,2935375,2861582,2790964,2723523,2659084,2596741,2535355,2474102,2412565,2350900,2289579
"Population, total",SP.POP.TOTL,Peru,PER,..,31376670,30973148,30565461,30158768,29759891,29373644,29001563,28642048,28292768,27949958,27610406,27273188,26937737,26601463,26261363,25914875,25561297,25199744,24827409,24441076,24038761,23619358,23184222,22737056,22283130,21826658,21368856,20909897,20451712,19996250,19544950,19099575,18660443,18225727,17792551,17359118,16924758,16491087,16061327,15639898,15229951,14832839,14447649,14072476,13704333,13341071,12982444,12629333,12282081
"Population, total",SP.POP.TOTL,Philippines,PHL,..,100699395,99138690,97571676,96017322,94501233,93038902,91641881,90297115,88965508,87592899,86141373,84596249,82971734,81294378,79604541,77932247,76285225,74656228,73042605,71437381,69835713,68240134,66654954,65078901,63509940,61947340,60391168,58844392,57312794,55803915,54323651,52873979,51455037,50068493,48715592,47396966,46113992,44866279,43650333,42461189,41295129,40149959,39026082,37925400,36851055,35804731,34787588,33797041,32826602
"Population, total",SP.POP.TOTL,Poland,POL,..,37999494,38011735,38040196,38063164,38063255,38042794,38151603,38125759,38120560,38141267,38165445,38182222,38204570,38230364,38248076,38258629,38660271,38663481,38649660,38624370,38594998,38542652,38461408,38363667,38246193,38110782,37961529,37824487,37668045,37456119,37201885,36904134,36571808,36230481,35898587,35574150,35247217,34965600,34689050,34356300,34015199,33678899,33357200,33055650,32783500,32664300,32548300,32294655,31987155
"Population, total",SP.POP.TOTL,Portugal,PRT,..,10348648,10401062,10457295,10514844,10557560,10573100,10568247,10558177,10542964,10522288,10503330,10483861,10458821,10419631,10362722,10289898,10217828,10160196,10108977,10063945,10026176,9991525,9964675,9952494,9960235,9983218,10005000,10019610,10030031,10032734,10023613,9996232,9957865,9911771,9851362,9766312,9661265,9558250,9455675,9355810,9093470,8754365,8633100,8630430,8643756,8680431,8757705,8836650,8874520
"Population, total",SP.POP.TOTL,Puerto Rico,PRI,..,3474182,3534888,3593079,3634487,3678736,3721526,3740410,3760866,3782995,3805214,3821362,3826878,3826095,3823701,3818774,3810605,3800081,3781101,3759430,3724655,3683103,3649237,3615497,3585176,3562110,3537000,3505650,3473898,3441850,3409554,3377000,3344190,3311138,3277453,3242552,3206000,3168088,3129421,3088690,3043854,2994000,2939299,2878786,2817256,2762190,2718000,2684150,2662064,2645674
"Population, total",SP.POP.TOTL,Qatar,QAT,..,2235355,2172065,2101288,2015624,1905437,1765513,1591151,1388962,1178955,988448,836924,732096,668165,634388,613720,593453,570643,548618,528213,511864,501019,495179,492120,489668,485114,476478,463062,445203,423327,398326,371071,341286,309276,277242,248053,223715,205244,192018,182370,173759,164333,153593,142111,130377,119246,109329,100697,93043,86161
"Population, total",SP.POP.TOTL,Romania,ROM,..,19832389,19908979,19983693,20058035,20147528,20246871,20367487,20537875,20882982,21193760,21319685,21451748,21574326,21730496,22131970,22442971,22472040,22507344,22553978,22619004,22684270,22730211,22763280,22794284,23001155,23201835,23161458,23057662,22949430,22859269,22755427,22655940,22588790,22515389,22415169,22242653,22090488,21951464,21756096,21551634,21293583,21029429,20835681,20657957,20461567,20250398,20009141,19799831,19534242
"Population, total",SP.POP.TOTL,Russian Federation,RUS,..,144096812,143819569,143506911,143201676,142960868,142849449,142785342,142742350,142805088,143049528,143518523,144067054,144648257,145306046,145976083,146596557,147214392,147670692,147915307,148160042,148375726,148336000,148520000,148689000,148624000,148292000,147721000,146857000,145908000,144894000,143858000,142745000,141668000,140823000,139941000,139010000,138027000,137060000,136100000,135147000,134200000,133432000,132669000,131909000,131155000,130404000,129664000,128928000,128196000
"Population, total",SP.POP.TOTL,Rwanda,RWA,..,11609666,11341544,11078095,10817350,10556429,10293669,10024594,9750314,9481083,9231041,9008230,8828956,8686469,8539029,8329113,8021875,7585143,7047196,6506118,6097688,5912755,5995987,6300358,6712924,7071393,7259740,7239097,7048075,6742390,6410594,6117966,5877556,5669251,5486431,5313908,5140786,4968628,4804375,4648070,4499720,4359166,4226836,4102336,3983707,3868345,3754546,3640591,3527260,3418313
"Population, total",SP.POP.TOTL,Samoa,WSM,..,193228,191845,190390,188901,187434,186029,184700,183440,182238,181072,179928,178794,177677,176592,175567,174614,173758,172979,172191,171276,170158,168786,167206,165568,164073,162865,162001,161424,161014,160591,160030,159281,158383,157401,156435,155554,154763,154010,153244,152390,151383,150219,148889,147323,145437,143175,140520,137503,134194
"Population, total",SP.POP.TOTL,San Marino,SMR,..,31781,31595,31391,31172,30938,30690,30431,30160,29874,29568,29242,28891,28520,28142,27771,27420,27097,26795,26503,26201,25875,25519,25141,24755,24385,24045,23740,23463,23208,22959,22708,22455,22203,21944,21666,21363,21026,20663,20301,19981,19732,19565,19467,19396,19299,19136,18895,18587,18228
"Population, total",SP.POP.TOTL,Sao Tome and Principe,STP,..,190344,186342,182386,178484,174646,170880,167196,163595,160064,156584,153146,149732,146357,143085,140003,137164,134602,132284,130110,127946,125694,123318,120849,118346,115900,113575,111373,109268,107264,105364,103557,101871,100285,98692,96947,94953,92652,90095,87436,84889,82607,80670,79026,77536,75989,74251,72240,70040,67874
"Population, total",SP.POP.TOTL,Saudi Arabia,SAU,..,31540372,30886545,30201051,29496047,28788438,28090647,27409491,26742842,26083522,25419994,24745230,24055573,23357887,22668102,22007937,21392273,20825955,20302193,19809633,19331311,18853670,18373412,17890529,17398523,16890555,16361453,15810980,15239174,14642354,14016569,13361284,12674089,11962244,11247085,10556936,9912917,9323290,8785326,8295384,7845300,7428705,7045477,6697486,6382106,6096106,5836394,5601649,5389848,5196349
"Population, total",SP.POP.TOTL,Senegal,SEN,..,15129273,14672557,14221041,13780108,13357003,12956791,12581624,12229703,11897230,11578430,11268994,10967016,10673320,10389457,10118078,9860578,9617641,9386923,9163184,8939438,8710746,8475136,8234147,7990736,7749559,7514201,7285378,7062540,6846556,6638186,6438024,6246140,6062682,5888261,5723541,5568651,5424299,5289445,5160313,5031849,4900491,4764623,4625377,4485342,4348499,4217754,4093763,3975614,3862783
"Population, total",SP.POP.TOTL,Serbia,SRB,..,7098247,7130576,7164132,7199077,7234099,7291436,7320807,7350222,7381579,7411569,7440769,7463157,7480591,7496522,7503433,7516346,7540401,7567745,7596501,7617794,7625357,7734639,7699307,7646424,7595636,7586000,..,..,..,..,..,..,..,..,..,..,..,..,..,..,..,..,..,..,..,..,..,..,..
"Population, total",SP.POP.TOTL,Seychelles,SYC,..,92900,91400,89900,88303,87441,89770,87298,86956,85033,84600,82900,82500,82800,83700,81202,81131,80410,78846,77319,76417,75304,73925,72711,71657,70755,70000,69388,68848,68352,67877,67400,66902,66367,65780,65128,64400,63594,62707,61742,60704,59600,58466,57284,56068,54835,53600,52365,51134,49911
"Population, total",SP.POP.TOTL,Sierra Leone,SLE,..,6453184,6315627,6178859,6043157,5908908,5775902,5647194,5521838,5391108,5243214,5071271,4870467,4647701,4422154,4220198,4060709,3948800,3878475,3843472,3833053,3837807,3858559,3893891,3929182,3945899,3931208,3878211,3791078,3681945,3569102,3466044,3376371,3296530,3224346,3155368,3086406,3017670,2951001,2886607,2824827,2765914,2709797,2656380,2605837,2558395,2514151,2473165,2435197,2399667
"Population, total",SP.POP.TOTL,Singapore,SGP,..,5535002,5469724,5399162,5312437,5183688,5076732,4987573,4839396,4588599,4401365,4265762,4166664,4114826,4175950,4138012,4027887,3958723,3927213,3796038,3670704,3524506,3419048,3313471,3230698,3135083,3047132,2930901,2846108,2774789,2733373,2735957,2732221,2681061,2646466,2532835,2413945,2383500,2353600,2325300,2293300,2262600,2229800,2193000,2152400,2112900,2074500,2042500,2012000,1977600
"Population, total",SP.POP.TOTL,Sint Maarten (Dutch part),SXM,..,38817,37685,36607,34640,33435,35474,39133,40458,39462,38270,36934,35316,33790,32566,31189,30519,31084,31240,..,..,..,..,..,..,..,..,..,..,..,..,..,..,..,..,..,..,..,..,..,..,..,..,..,..,..,..,..,..,..
"Population, total",SP.POP.TOTL,Slovak Republic,SVK,..,5424050,5418649,5413393,5407579,5398384,5391428,5386406,5379233,5374622,5373054,5372807,5372280,5373374,5376912,5378867,5388720,5396020,5390516,5383291,5373361,5361999,5346331,5325305,5305016,5303294,5299187,5275942,5250596,5222840,5193838,5161768,5127097,5091971,5055099,5016105,4979815,4938973,4890125,4840501,4789507,4739105,4689623,4641445,4596622,4557449,4538223,4518607,4483915,4449367
"Population, total",SP.POP.TOTL,Slovenia,SVN,..,2063768,2061980,2059953,2057159,2052843,2048583,2039669,2021316,2018122,2006868,2000474,1997012,1995733,1994530,1992060,1988925,1983045,1981629,1985956,1988628,1989872,1989443,1991746,1996498,1999429,1998161,1996351,1995196,1989776,1965964,1941641,1932154,1922321,1910334,1906531,1901315,1882599,1862548,1842377,1820249,1793581,1776132,1766697,1752233,1738335,1724891,1713874,1704546,1689528
"Population, total",SP.POP.TOTL,Solomon Islands,SLB,..,583591,572171,560685,549162,537648,526177,514767,503410,492075,480716,469306,457841,446352,434893,423535,412336,401319,390489,379859,369438,359236,349250,339490,329984,320764,311849,303258,294962,286868,278846,270809,262719,254602,246502,238488,230614,222905,215353,207942,200642,193447,186338,179354,172599,166214,160292,154876,149926,145354
"Population, total",SP.POP.TOTL,Somalia,SOM,..,10787104,10517569,10268157,10033630,9806670,9581714,9356827,9132589,8909015,8686939,8466938,8251054,8039104,7827203,7610053,7385416,7148406,6904231,6672781,6480888,6346440,6278911,6269244,6294017,6319531,6321615,6285456,6217331,6138907,6082723,6068425,6113252,6199671,6271538,6251730,6089707,5758961,5289049,4754149,4259636,3880955,3644572,3526527,3490295,3477568,3445420,3385414,3311111,3227245
"Population, total",SP.POP.TOTL,South Africa,ZAF,..,54956920,54058647,53192216,52356381,51549958,50771826,50020918,49296223,48596781,47921682,47270063,46641103,46034026,45448096,44909738,44000000,42923485,41899683,40926063,40000247,39120000,38283223,37473796,36690739,35933108,35200000,34490549,33728498,32933081,32121290,31307880,30505361,29724004,28971839,28254655,27576000,26940793,26355319,25805575,25268094,24728000,24189837,23655908,23126276,22602373,22087000,21612522,21153722,20707258
"Population, total",SP.POP.TOTL,South Sudan,SSD,..,12339812,11911184,11453810,10980623,10510122,10056475,9623176,9208598,8815495,8445659,8099908,7784488,7499695,7233237,6967817,6692999,6398416,6092688,5806951,5584223,5452771,5425099,5484372,5593347,5698998,5762190,5771305,5735170,5660153,5559804,5444907,5314358,5165623,5007145,4849708,4701360,4565912,4442665,4329467,4222056,4117299,4015271,3917450,3823605,3733547,3647097,3564079,3484335,3407754
"Population, total",SP.POP.TOTL,Spain,ESP,..,46418269,46480882,46620045,46773055,46742697,46576897,46362946,45954106,45226803,44397319,43653155,42921895,42187645,41431558,40756001,40263216,39926268,39721108,39582413,39478186,39387017,39294967,39189400,39067745,38939049,38850435,38791473,38715849,38630820,38535617,38418817,38278575,38122429,37942805,37740556,37439035,37201123,36872506,36370050,35939437,35530725,35154338,34817071,34502705,34191678,33814531,33441054,33113134,32682947
"Population, total",SP.POP.TOTL,Sri Lanka,LKA,..,20966000,20771000,20579000,20424000,20270000,20118000,19967000,19817000,19668000,19520000,19373000,19227000,19083000,18939000,18797000,18655000,18532000,18425000,18323000,18210000,18074000,17912000,17728000,17524000,17306000,17078000,16841000,16593000,16339000,16083000,15831000,15583000,15339000,15096000,14847000,14747000,14472000,14190000,13942000,13717000,13496000,13284000,13091000,12861000,12690000,12514000,12252000,11992000,11703000
"Population, total",SP.POP.TOTL,St. Kitts and Nevis,KNA,..,55572,54944,54301,53650,52998,52352,51717,51093,50465,49818,49139,48424,47681,46935,46216,45544,44938,44391,43885,43391,42888,42363,41836,41360,41009,40833,40854,41045,41353,41697,42017,42294,42539,42761,42978,43205,43450,43704,43946,44142,44278,44327,44314,44328,44490,44882,45534,46399,47383
"Population, total",SP.POP.TOTL,St. Lucia,LCA,..,184999,183645,182305,180890,179278,177397,175196,172729,170146,167656,165407,163462,161767,160218,158650,156949,155073,153066,150994,148962,147040,145262,143592,141934,140159,138180,135954,133532,131032,128620,126416,124468,122738,121150,119593,117984,116292,114551,112826,111211,109770,108534,107461,106458,105389,104162,102747,101181,99526
"Population, total",SP.POP.TOTL,St. Martin (French part),MAF,..,31754,31530,31264,30959,30615,30235,29820,29376,28905,28414,27906,27514,27363,27450,27782,28384,29305,30358,31304,32102,32712,33098,33238,32892,31821,30036,27676,24873,21628,18337,15392,12790,10547,8670,7868,7580,7303,7035,6778,6530,6291,6078,5915,5756,5601,5450,5303,5161,5033
"Population, total",SP.POP.TOTL,St. Vincent and the Grenadines,VCT,..,109462,109360,109327,109334,109341,109316,109255,109165,109049,108908,108749,108563,108354,108150,107989,107897,107879,107923,108001,108078,108122,108129,108097,108001,107811,107509,107081,106533,105892,105197,104477,103742,102985,102202,101378,100506,99589,98634,97649,96639,95614,94572,93516,92465,91440,90457,89518,88615,87736
"Population, total",SP.POP.TOTL,Sudan,SDN,..,40234882,39350274,38515095,37712420,36918193,36114885,35297298,34470138,33637960,32809056,31990003,31176209,30365586,29569978,28805142,28079664,27406808,26777059,26149124,25466387,24691970,23805536,22829227,21820588,20861117,20008804,19284633,18669146,18130501,17618852,17097619,16559205,16015120,15470415,14935471,14418063,13917268,13429688,12958110,12506035,12075841,11668674,11283574,10918137,10568788,10232758,9909152,9598196,9299545
"Population, total",SP.POP.TOTL,Suriname,SUR,..,542975,538248,533450,528535,523439,518141,512522,506657,500953,495953,491999,489312,487641,486271,484210,480751,475637,469108,461569,453653,445830,438280,430901,423572,416068,408276,400133,391851,383916,376973,371469,367611,365242,363993,363309,362777,362137,361463,361053,361368,362651,365104,368342,371318,372619,371268,366845,359735,350755
"Population, total",SP.POP.TOTL,Swaziland,SWZ,..,1286970,1269112,1250641,1231694,1212458,1193148,1173529,1153750,1134853,1118204,1104642,1094775,1087949,1082195,1074765,1063715,1048151,1028694,1006760,984506,963428,944223,926224,907947,887248,862728,833787,801350,767417,734790,705492,680253,658496,639333,621314,603373,585335,567560,550135,533264,517100,501596,486656,472337,458717,445844,433709,422266,411478
"Population, total",SP.POP.TOTL,Sweden,SWE,..,9798871,9696110,9600379,9519374,9449213,9378126,9298515,9219637,9148092,9080505,9029572,8993531,8958229,8924958,8895960,8872109,8857874,8850974,8846062,8840998,8826939,8780745,8718561,8668067,8617375,8558835,8492964,8436489,8397804,8369829,8350386,8336605,8329033,8325263,8320503,8310531,8293678,8275599,8251540,8222286,8192437,8159955,8136312,8122300,8098334,8042801,7968072,7912273,7867931
"Population, total",SP.POP.TOTL,Switzerland,CHE,..,8286976,8188649,8089346,7996861,7912398,7824909,7743831,7647675,7551117,7483934,7437115,7389625,7339001,7284753,7229854,7184250,7143991,7110001,7088906,7071850,7040687,6993795,6938265,6875364,6799978,6715519,6646912,6593386,6545106,6504124,6470365,6441865,6418773,6391309,6354074,6319408,6294365,6281738,6281174,6302504,6338632,6341405,6307347,6260956,6213399,6180877,6136387,6067714,5991785
"Population, total",SP.POP.TOTL,Syrian Arab Republic,SYR,..,18502413,18772481,19322593,19978756,20501167,20720602,20566871,20097057,19425597,18728200,18132842,17671913,17304339,16997521,16694414,16354050,15972430,15568797,15151962,14736209,14331962,13941025,13559642,13186187,12817578,12451539,12088714,11730217,11374772,11020718,10667245,10313485,9960833,9613517,9277263,8956156,8651904,8363346,8088148,7822610,7564000,7311685,7066474,6828765,6599366,6378802,6166933,5963248,5767478
"Population, total",SP.POP.TOTL,Tajikistan,TJK,..,8481855,8295840,8111894,7930929,7753925,7581696,7414960,7254072,7099021,6949566,6805655,6666628,6532871,6406518,6290413,6186152,6094126,6012308,5936780,5862224,5784330,5702611,5616797,5523207,5417554,5297286,5160375,5008827,4849253,4690913,4540688,4400743,4269775,4146923,4030104,3917642,3809991,3707624,3608761,3511050,3412819,3313144,3212446,3112041,3013956,2919586,2829641,2743461,2659452
"Population, total",SP.POP.TOTL,Tanzania,TZA,..,53470420,51822621,50213457,48645709,47122998,45648525,44222113,42844744,41522004,40260847,39065600,37935334,36866228,35855480,34899062,33991590,33135281,32323953,31533781,30733937,29903329,29030288,28122799,27203865,26307482,25458208,24663284,23914852,23204186,22516809,21842087,21178079,20528465,19894677,19279543,18684893,18110990,17556148,17018013,16493435,15980265,15477155,14984973,14506496,14045757,13605504,13186560,12787494,12406040
"Population, total",SP.POP.TOTL,Thailand,THA,..,67959359,67725979,67451422,67164130,66902958,66692024,66548197,66453255,66353572,66174486,65863973,65404522,64817254,64136669,63415174,62693322,61973957,61250974,60544937,59878955,59266089,58722767,58237672,57761574,57225972,56582824,55812794,54933561,53979503,53002775,52041468,51105438,50183106,49265597,48336894,47385325,46412310,45423442,44416007,43386846,42334954,41259539,40164969,39061999,37964925,36884914,35826803,34790945,33778500
"Population, total",SP.POP.TOTL,Timor-Leste,TMP,..,1245015,1212107,1180069,1148958,1120392,1066409,1048367,1030630,1013194,996052,979201,962634,929431,894837,865848,847185,841063,845106,853867,859496,856439,842752,820471,792846,764884,740231,720198,703696,689170,674128,657018,636670,614379,593937,580556,577580,586886,606295,630151,650490,661634,661528,652017,636100,618508,602737,589519,577824,567330
"Population, total",SP.POP.TOTL,Togo,TGO,..,7304578,7115163,6928719,6745581,6566179,6390851,6219761,6052937,5890414,5732175,5578219,5428552,5283246,5142419,5006223,4874735,4747665,4624826,4506465,4392941,4284286,4180689,4081398,3984356,3886858,3786942,3684309,3579489,3472459,3363448,3252995,3140355,3026378,2915148,2812071,2720838,2642845,2576468,2518566,2464457,2410446,2356623,2303345,2247575,2185661,2115521,2034909,1945781,1855445
"Population, total",SP.POP.TOTL,Tonga,TON,..,106170,105586,105139,104769,104392,103947,103416,102816,102169,101507,100858,100226,99606,99005,98434,97898,97398,96937,96526,96174,95889,95678,95532,95421,95304,95152,94943,94680,94399,94147,93953,93838,93775,93683,93452,93007,92299,91360,90296,89258,88347,87609,86985,86349,85520,84370,82879,81096,79048
"Population, total",SP.POP.TOTL,Trinidad and Tobago,TTO,..,1360088,1354483,1348240,1341579,1334790,1328095,1321624,1315372,1309260,1303141,1296933,1290535,1284052,1277840,1272383,1267980,1264781,1262544,1260677,1258365,1255001,1250316,1244410,1237486,1229906,1221904,1213625,1204890,1195243,1184053,1170935,1155701,1138673,1120610,1102562,1085308,1069199,1054109,1039757,1025655,1011487,997052,982594,968742,956364,945996,937846,931466,925918
"Population, total",SP.POP.TOTL,Tunisia,TUN,..,11107800,10996600,10886500,10777500,10673800,10547100,10439600,10328900,10225100,10127900,10029000,9932400,9839800,9748900,9650600,9552500,9455900,9333300,9214900,9089300,8957500,8785700,8572200,8489900,8318200,8154400,7958694,7857619,7684751,7492633,7260361,7042550,6905136,6729178,6555185,6384000,6215690,6049539,5889693,5742339,5611000,5493722,5388709,5294325,5208154,5127000,5031211,4933131,4832923
"Population, total",SP.POP.TOTL,Turkey,TUR,..,78665830,77523788,76223639,74849187,73517002,72310416,71261307,70344357,69515492,68704721,67860617,66973561,66060121,65125766,64182694,63240157,62295617,61344874,60394104,59451488,58522320,57608769,56707454,55811134,54909508,53994605,53066569,52126497,51168841,50187091,49178079,48138191,47072603,45997940,44936836,43905790,42912350,41953105,41020211,40100696,39185637,38272701,37366922,36475356,35608079,34772031,33969201,33196289,32448404
"Population, total",SP.POP.TOTL,Turkmenistan,TKM,..,5373502,5307188,5240088,5172941,5106672,5041995,4978960,4917541,4858235,4801594,4747839,4696876,4648036,4600172,4551762,4501419,4449427,4395293,4335991,4267690,4188010,4095512,3991917,3881973,3772350,3668000,3570558,3479088,3392823,3310059,3229499,3151262,3075867,3002785,2931343,2861000,2791575,2723006,2655036,2587417,2520002,2452528,2385039,2318070,2252386,2188499,2126749,2066889,2008148
"Population, total",SP.POP.TOTL,Turks and Caicos Islands,TCA,..,34339,33740,33103,32430,31727,30993,30247,29481,28638,27642,26450,25025,23412,21740,20186,18876,17866,17114,16527,15967,15334,14597,13793,12970,12205,11550,11019,10588,10224,9873,9502,9097,8671,8245,7855,7525,7262,7057,6886,6723,6546,6346,6132,5924,5750,5632,5573,5563,5589
"Population, total",SP.POP.TOTL,Tuvalu,TUV,..,9916,9893,9876,9860,9844,9827,9808,9788,9764,9732,9694,9646,9590,9530,9471,9419,9374,9334,9298,9264,9227,9188,9148,9103,9056,9004,8949,8889,8821,8741,8648,8537,8413,8284,8160,8051,7959,7883,7816,7752,7685,7613,7538,7459,7379,7296,7213,7128,7037
"Population, total",SP.POP.TOTL,Uganda,UGA,..,39032383,37782971,36573387,35400620,34260342,33149417,32067125,31014427,29991958,29000925,28042413,27114742,26217760,25355794,24534668,23757636,23026357,22336812,21679497,21041468,20412967,19791266,19177660,18571527,17973428,17384369,16802258,16227778,15668278,15133740,14631089,14163214,13727427,13318149,12927007,12547754,12177677,11817951,11470741,11139772,10827071,10533627,10256342,9988321,9720365,9446024,9162773,8872866,8580632
"Population, total",SP.POP.TOTL,Ukraine,UKR,..,45198200,45362900,45489600,45593300,45706100,45870700,46053300,46258200,46509350,46787750,47105150,47451600,47812950,48202500,48683865,49175848,49673350,50143939,50594105,51057189,51512299,51921041,52179210,52150266,52000470,51892000,51773000,51521000,51293000,51097000,50917000,50754000,50564000,50384000,50221000,49968811,49750150,49525597,49290087,49036202,48758986,48455120,48127170,47783013,47433807,47086758,46746668,46409007,46060456
"Population, total",SP.POP.TOTL,United Arab Emirates,ARE,..,9156963,9086139,9039978,8952542,8734722,8329453,7705423,6900142,6010100,5171255,4481976,3975945,3625798,3394060,3217865,3050128,2884188,2733770,2595220,2467726,2350192,2238281,2127863,2019014,1913190,1811458,1712117,1613904,1518991,1430548,1350433,1280278,1218223,1158477,1093108,1016789,927303,827394,722849,622051,531265,451948,382823,324069,275160,235434,205570,185312,171781
"Population, total",SP.POP.TOTL,United Kingdom,GBR,..,65138232,64613160,64128226,63700300,63258918,62766365,62276270,61806995,61322463,60846820,60401206,59987905,59647577,59370479,59119673,58892514,58682466,58487141,58316954,58166950,58019030,57865745,57718614,57580402,57424897,57247586,57076711,56928327,56802050,56681396,56550268,56422072,56332848,56313641,56333829,56314216,56246951,56196504,56193492,56211968,56225800,56229974,56194527,56086065,55896223,55663250,55441750,55211700,54943600
"Population, total",SP.POP.TOTL,United States,USA,..,321418820,318907401,316427395,314102623,311718857,309346863,306771529,304093966,301231207,298379912,295516599,292805298,290107933,287625193,284968955,282162411,279040000,275854000,272657000,269394000,266278000,263126000,259919000,256514000,252981000,249623000,246819000,244499000,242289000,240133000,237924000,235825000,233792000,231664000,229466000,227225000,225055000,222585000,220239000,218035000,215973000,213854000,211909000,209896000,207661000,205052000,202677000,200706000,198712000
"Population, total",SP.POP.TOTL,Uruguay,URY,..,3431555,3419516,3407969,3396753,3385610,3374414,3362761,3350832,3339750,3331041,3325608,3324096,3325637,3327770,3327105,3321242,3309318,3292134,3271014,3248039,3224807,3201604,3178156,3154853,3132048,3109987,3088985,3069094,3049962,3031032,3011907,2992648,2973461,2954281,2935036,2915775,2896021,2875970,2857107,2841436,2830172,2824069,2822084,2821437,2818269,2809799,2795044,2774771,2750093
"Population, total",SP.POP.TOTL,Uzbekistan,UZB,..,31299500,30757700,30243200,29774500,29339400,28562400,27767400,27302800,26868000,26488250,26167000,25864350,25567650,25271850,24964450,24650400,24311650,24051000,23667000,23225000,22785000,22377000,21942000,21449000,20952000,20510000,20052259,19583186,19111312,18640558,18174143,17712992,17257774,16810937,16375135,15951899,15543520,15148932,14762133,14374729,13980997,13578783,13170848,12762439,12361237,11972994,11599763,11240523,10894306
"Population, total",SP.POP.TOTL,Vanuatu,VUT,..,264652,258883,253165,247498,241876,236299,230782,225335,219956,214635,209375,204144,198963,193957,189288,185058,181346,178074,175004,171802,168236,164209,159814,155242,150779,146633,142852,139369,136129,133040,130028,127094,124248,121433,118578,115634,112579,109429,106223,103024,99879,96793,93761,90824,88023,85388,82941,80669,78518
"Population, total",SP.POP.TOTL,"Venezuela, RB",VEN,..,31108083,30693827,30276045,29854238,29427631,28995745,28558607,28116716,27670659,27221228,26769115,26314483,25857553,25399143,24940223,24481477,24023355,23565734,23108003,22649212,22188671,21726808,21263994,20799471,20332247,19861959,19388262,18912431,18437737,17968530,17508059,17057786,16617343,16185895,15761800,15343917,14931741,14525929,14127790,13739142,13360988,12994025,12636971,12286434,11937803,11587758,11235492,10881995,10528054
"Population, total",SP.POP.TOTL,Vietnam,VNM,..,91703800,90728900,89759500,88809200,87860300,86932500,86025000,85118700,84218500,83311200,82392100,81436400,80467400,79537700,78620500,77630900,76596700,75456300,74306900,73156700,71995500,70824500,69644500,68450100,67242400,66016700,64774000,63263000,61750000,60249000,58868000,57692000,56655000,55687000,54722000,53700000,52574000,51436000,50295000,49158000,48030000,46918000,45825000,44758000,43725000,42729000,41773000,40856000,39980000
"Population, total",SP.POP.TOTL,Virgin Islands (U.S.),VIR,..,103574,104170,104737,105275,105784,106267,106707,107091,107423,107700,107863,107950,108085,108208,108386,108639,108596,108535,108355,108093,107817,107317,106577,105711,104807,103963,103000,104500,106000,106500,107000,108000,104000,102000,98000,97000,96000,96000,93000,96000,94000,90000,84000,76000,71000,63000,58600,54600,50800
"Population, total",SP.POP.TOTL,West Bank and Gaza,WBG,..,4422143,4294682,4169506,4046901,3927051,3811102,3702218,3596688,3494496,3406334,3320396,3236626,3154969,3075373,2997784,2922153,2848431,2776568,2706518,2587997,2474666,2366298,2262676,2163591,2068845,1978248,..,..,..,..,..,..,..,..,..,..,..,..,..,..,..,..,..,..,..,..,..,..,..
"Population, total",SP.POP.TOTL,"Yemen, Rep.",YEM,..,26832215,26183676,25533217,24882792,24234940,23591972,22954226,22322699,21701105,21093973,20504385,19931617,19374012,18832097,18306287,17795219,17304422,16829935,16349809,15834747,15266147,14633091,13948118,13245003,12571240,11961099,11426912,10958983,10542601,10153613,9774242,9402070,9043210,8698304,8369708,8059381,7765087,7485921,7226885,6994840,6793979,6626208,6487853,6370599,6262934,6156234,6047230,5937125,5827223
"Population, total",SP.POP.TOTL,Zambia,ZMB,..,16211767,15721343,15246086,14786581,14343526,13917439,13507849,13114579,12738676,12381509,12043591,11725635,11426006,11139978,10861238,10585220,10309310,10034412,9763742,9502346,9253527,9018229,8794061,8576987,8361381,8143142,7921028,7696070,7469270,7242496,7017292,6793708,6571673,6352561,6138069,5929497,5727577,5532350,5343550,5160570,4983017,4810810,4644329,4484141,4331002,4185378,4047479,3916928,3792864
"Population, total",SP.POP.TOTL,Zimbabwe,ZWE,..,15602751,15245855,14898092,14565482,14255592,13973897,13720997,13495462,13297798,13127942,12984418,12867828,12774162,12691431,12603988,12499981,12374019,12226742,12059858,11877664,11683136,11476807,11256512,11019717,10763036,10484771,10184966,9866776,9535657,9198874,8862601,8528328,8197564,7876414,7571965,7289083,7031159,6796946,6580739,6373956,6170284,5967861,5768382,5573312,5385342,5206311,5036321,4874113,4718612
,,,,,,,,,,,,,,,,,,,,,,,,,,,,,,,,,,,,,,,,,,,,,,,,,,,,,
,,,,,,,,,,,,,,,,,,,,,,,,,,,,,,,,,,,,,,,,,,,,,,,,,,,,,
,,,,,,,,,,,,,,,,,,,,,,,,,,,,,,,,,,,,,,,,,,,,,,,,,,,,,
Data from database: World Development Indicators,,,,,,,,,,,,,,,,,,,,,,,,,,,,,,,,,,,,,,,,,,,,,,,,,,,,,
Last Updated: 01/03/2017,,,,,,,,,,,,,,,,,,,,,,,,,,,,,,,,,,,,,,,,,,,,,,,,,,,,,
